-- phpMyAdmin SQL Dump
-- version 4.9.7
-- https://www.phpmyadmin.net/
--
-- Host: localhost:3306
-- Generation Time: Jun 05, 2022 at 02:36 PM
-- Server version: 5.7.37-cll-lve
-- PHP Version: 7.3.32

SET SQL_MODE = "NO_AUTO_VALUE_ON_ZERO";
SET AUTOCOMMIT = 0;
START TRANSACTION;
SET time_zone = "+00:00";


/*!40101 SET @OLD_CHARACTER_SET_CLIENT=@@CHARACTER_SET_CLIENT */;
/*!40101 SET @OLD_CHARACTER_SET_RESULTS=@@CHARACTER_SET_RESULTS */;
/*!40101 SET @OLD_COLLATION_CONNECTION=@@COLLATION_CONNECTION */;
/*!40101 SET NAMES utf8mb4 */;

--
-- Database: `zefaf`
--

-- --------------------------------------------------------

--
-- Table structure for table `categories`
--

CREATE TABLE `categories` (
  `id` int(10) UNSIGNED NOT NULL,
  `name_ar` varchar(191) COLLATE utf8mb4_unicode_ci NOT NULL,
  `name_en` varchar(191) COLLATE utf8mb4_unicode_ci NOT NULL,
  `image` varchar(191) COLLATE utf8mb4_unicode_ci NOT NULL,
  `category_id` int(10) UNSIGNED DEFAULT NULL,
  `question_type` enum('none','capacity_range','veil_designer','offering_sweets','offering_meals','videographer','soiree_shoes','diamond_gold') COLLATE utf8mb4_unicode_ci NOT NULL,
  `tips` text COLLATE utf8mb4_unicode_ci,
  `is_deleted` tinyint(4) NOT NULL DEFAULT '0',
  `created_at` timestamp NULL DEFAULT NULL,
  `updated_at` timestamp NULL DEFAULT NULL
) ENGINE=InnoDB DEFAULT CHARSET=utf8mb4 COLLATE=utf8mb4_unicode_ci;

--
-- Dumping data for table `categories`
--

INSERT INTO `categories` (`id`, `name_ar`, `name_en`, `image`, `category_id`, `question_type`, `tips`, `is_deleted`, `created_at`, `updated_at`) VALUES
(52, 'قاعات أفراح', 'Wedding Venues', 'uploads/categories/IMG_71821637094548.png', NULL, 'none', '[{\"ar\":\"\\u0627\\u0647\\u0644\\u0627\",\"en\":\"hello\"},{\"ar\":\"\\u0647\\u064a\\u0644\\u0648\",\"en\":\"hi\"}]', 0, '2021-11-14 10:51:28', '2021-11-30 09:06:51'),
(53, 'قاعات أفراح', 'wedding halls', 'uploads/categories/IMG_798641636895246.png', 52, 'capacity_range', NULL, 1, '2021-11-14 11:05:33', '2021-11-19 10:19:44'),
(54, 'منظم حفلات الزفاف', 'Wedding planner', 'uploads/categories/IMG_283671637095474.png', NULL, 'none', '[{\"ar\":\"First tip Ar\\u0634\",\"en\":\"First tip\\u0644\"}]', 0, '2021-11-16 19:32:06', '2021-11-30 09:07:09'),
(55, 'مكياج و حجاب', 'Makeup & veil', 'uploads/categories/IMG_336361637139499.png', NULL, 'none', '[{\"ar\":\"\\u0627\\u0644\\u062a\\u0648\\u0635\\u064a\\u0629 \\u0627\\u0644\\u0623\\u0648\\u0644\\u0649\",\"en\":\"First tip\"}]', 0, '2021-11-16 19:33:44', '2021-11-21 04:43:06'),
(56, 'المصورين والفيديو', 'Photographers & Video', 'uploads/categories/IMG_157311637322458.png', NULL, 'none', NULL, 0, '2021-11-16 20:02:12', '2021-11-19 10:41:19'),
(57, 'بوتيكات الأزياء والاكسسوارات', 'Fashion Boutiques & Accessories', 'uploads/categories/IMG_241981637116061.png', NULL, 'none', NULL, 0, '2021-11-16 20:03:52', '2021-11-16 20:03:52'),
(58, 'أزياء وصالونات رجالية', 'Men Fashion & Saloons', 'uploads/categories/IMG_59341637095358.png', NULL, 'none', '[{\"ar\":\"\\u0623\\u0641\\u0636\\u0644 \\u0627\\u0644\\u0645\\u0648\\u0627\\u062f \\u0627\\u0644\\u062e\\u0627\\u0645\",\"en\":\"Best finest material\"}]', 0, '2021-11-16 20:16:20', '2021-11-27 06:40:30'),
(59, 'حفلة توديع العزوبية', 'Bachelorette Party', 'uploads/categories/IMG_646561637085176.png', NULL, 'none', NULL, 0, '2021-11-16 20:19:59', '2021-11-16 20:19:59'),
(60, 'المأذون الشرعي', 'Marriage Officiant', 'uploads/categories/IMG_136061637128749.png', NULL, 'none', NULL, 0, '2021-11-16 20:23:19', '2021-11-16 20:23:19'),
(61, 'مخبوزات ومعجنات', 'Catering & Pastries', 'uploads/categories/IMG_352981637068197.png', NULL, 'none', NULL, 0, '2021-11-16 20:25:50', '2021-11-16 20:25:50'),
(62, 'الصحة واللياقة البدنية', 'Health & Fitness', 'uploads/categories/IMG_899721637141673.png', NULL, 'none', NULL, 0, '2021-11-16 21:02:10', '2021-11-16 21:02:10'),
(63, 'مراكز التجميل والمنتجعات الصحية', 'Beauty Centers & Spas', 'uploads/categories/IMG_286491637158416.png', NULL, 'none', NULL, 0, '2021-11-16 21:02:52', '2021-11-16 21:02:52'),
(64, 'مصففي الشعر', 'Hair Stylists', 'uploads/categories/IMG_898411637153120.png', NULL, 'none', NULL, 0, '2021-11-16 22:01:03', '2021-11-16 22:01:03'),
(65, 'مجوهرات وخواتم', 'Jewelry & Rings', 'uploads/categories/IMG_336661637128238.png', 65, 'diamond_gold', NULL, 0, '2021-11-16 22:02:32', '2021-11-19 10:58:16'),
(66, 'باعة الزهور', 'Florists', 'uploads/categories/IMG_673081637067963.png', NULL, 'none', NULL, 0, '2021-11-16 22:03:28', '2021-11-16 22:03:28'),
(67, 'تأجير السيارات', 'Car Rentals', 'uploads/categories/IMG_514411637115291.png', NULL, 'none', NULL, 0, '2021-11-16 22:04:29', '2021-11-16 22:04:29'),
(68, 'منظمي الرحلات السياحية', 'Tour Operators', 'uploads/categories/IMG_373911637112356.png', NULL, 'none', NULL, 0, '2021-11-16 22:05:39', '2021-11-16 22:05:39'),
(69, 'كعك الزفاف', 'Wedding Cakes', 'uploads/categories/IMG_798981637099512.png', NULL, 'none', NULL, 0, '2021-11-16 22:07:10', '2021-11-16 22:07:10'),
(70, 'الفنادق و المنتجعات', 'Hotels & Resorts', 'uploads/categories/IMG_309121637346663.png', 52, 'capacity_range', '[{\"ar\":\"First tip Ar\",\"en\":\"First tip\"}]', 0, '2021-11-19 10:22:21', '2021-11-20 02:04:44'),
(71, 'فيلات الافراح', 'Wedding Villas', 'uploads/categories/IMG_485941637382242.png', 52, 'capacity_range', '[{\"ar\":\"\\u0627\\u0644\\u062a\\u0648\\u0635\\u064a\\u0629 \\u0627\\u0644\\u0623\\u0648\\u0644\\u0649\",\"en\":\"First tip\"}]', 0, '2021-11-19 10:23:05', '2021-11-21 04:43:47'),
(72, 'النوادي و الأماكن المميزة', 'Clubs & Unique Venues', 'uploads/categories/IMG_598141637333520.png', 52, 'capacity_range', NULL, 0, '2021-11-19 10:24:30', '2021-11-19 10:27:03'),
(73, 'قاعات الافراح', 'Wedding Halls', 'uploads/categories/IMG_150771637328107.png', 52, 'capacity_range', NULL, 0, '2021-11-19 10:25:29', '2021-11-19 10:25:29'),
(74, 'خبراء المكياج', 'Make-up Artists', 'uploads/categories/IMG_324481637359565.png', 55, 'veil_designer', NULL, 0, '2021-11-19 10:28:09', '2021-11-19 10:28:09'),
(75, 'مصممي الطرحة', 'Veil Designers', 'uploads/categories/IMG_648791637360706.png', 55, 'none', NULL, 0, '2021-11-19 10:29:35', '2021-11-19 10:29:35'),
(76, 'المصورين', 'Photographers', 'uploads/categories/IMG_729431637323680.png', 56, 'videographer', '[{\"ar\":\"\\u0627\\u0633\\u062a\\u0644\\u0627\\u0645 \\u0627\\u0644\\u0635\\u0648\\u0631 \\u0628\\u0639\\u062f \\u0623\\u0633\\u0628\\u0648\\u0639\",\"en\":\"Get the photos after one week\"}]', 0, '2021-11-19 10:33:12', '2021-11-21 04:44:49'),
(77, 'مصورين الفيديو', 'Videographers', 'uploads/categories/IMG_138231637342544.png', 56, 'none', NULL, 0, '2021-11-19 10:33:57', '2021-11-19 10:33:57'),
(78, 'فساتين الافراح', 'Wedding Dresses', 'uploads/categories/IMG_299641637373714.png', 57, 'soiree_shoes', NULL, 0, '2021-11-19 10:42:18', '2021-11-19 10:42:18'),
(79, 'إكسسوارات الافراح', 'Wedding Accessories', 'uploads/categories/IMG_716161637310659.png', 57, 'none', NULL, 0, '2021-11-19 10:42:44', '2021-11-19 10:46:10'),
(80, 'أحذية سواريه', 'Soirée Shoes', 'uploads/categories/IMG_483121637316219.png', 57, 'none', NULL, 0, '2021-11-19 10:47:06', '2021-11-19 10:47:06'),
(81, 'بدل الافراح', 'Suits & Tuxedos', 'uploads/categories/IMG_487101637382785.png', 58, 'none', NULL, 0, '2021-11-19 10:49:34', '2021-11-19 10:49:34'),
(82, 'صالونات الرجال', 'Men Saloons', 'uploads/categories/IMG_977931637328631.png', 58, 'none', NULL, 0, '2021-11-19 10:50:03', '2021-11-19 10:50:03'),
(83, 'الوجبات', 'Meals', 'uploads/categories/IMG_617091637331511.png', 61, 'offering_sweets', NULL, 0, '2021-11-19 10:50:39', '2021-11-19 10:50:39'),
(84, 'الحلويات', 'Sweets', 'uploads/categories/IMG_788501637331183.png', 61, 'offering_meals', NULL, 0, '2021-11-19 10:51:19', '2021-11-19 10:51:19'),
(85, 'مراكز التجميل', 'Beauty Centers', 'uploads/categories/IMG_497401637313052.png', 63, 'none', NULL, 0, '2021-11-19 10:52:37', '2021-11-19 10:52:37'),
(86, 'المنتجعات الصحية', 'Spas', 'uploads/categories/IMG_849871637345908.png', 63, 'none', NULL, 0, '2021-11-19 10:53:12', '2021-11-19 10:53:12'),
(87, 'دي جي', 'DJ', 'uploads/categories/IMG_143201637335289.png', NULL, 'none', NULL, 0, '2021-11-19 10:55:56', '2021-11-19 10:55:56'),
(88, 'دعوات الافراح', 'Invitation Cards', 'uploads/categories/IMG_4631637311018.png', NULL, 'none', NULL, 0, '2021-11-19 10:56:28', '2021-11-19 10:56:28'),
(89, 'المجوهرات', 'Jewelry & Rings', 'uploads/categories/IMG_263151637387062.png', NULL, 'none', '[{\"ar\":\"First tip Ar\",\"en\":\"First tip\"}]', 0, '2021-11-20 02:23:01', '2021-11-21 04:45:13'),
(90, 'المجوهرات', 'Jewelry & Rings', 'uploads/categories/IMG_572701637369942.png', 89, 'diamond_gold', '[{\"ar\":\"\\u0627\\u0644\\u062a\\u0648\\u0635\\u064a\\u0629 \\u0627\\u0644\\u0623\\u0648\\u0644\\u0649\",\"en\":\"First tip\"}]', 0, '2021-11-20 02:24:25', '2021-11-21 04:45:40');

-- --------------------------------------------------------

--
-- Table structure for table `category_statistics`
--

CREATE TABLE `category_statistics` (
  `id` int(10) UNSIGNED NOT NULL,
  `user_id` int(10) UNSIGNED DEFAULT NULL,
  `category_id` int(10) UNSIGNED NOT NULL,
  `created_at` timestamp NULL DEFAULT NULL,
  `updated_at` timestamp NULL DEFAULT NULL
) ENGINE=InnoDB DEFAULT CHARSET=utf8mb4 COLLATE=utf8mb4_unicode_ci;

--
-- Dumping data for table `category_statistics`
--

INSERT INTO `category_statistics` (`id`, `user_id`, `category_id`, `created_at`, `updated_at`) VALUES
(129, NULL, 52, '2021-11-14 16:10:18', '2021-11-14 16:10:18'),
(130, NULL, 52, '2021-11-14 20:25:27', '2021-11-14 20:25:27'),
(131, NULL, 52, '2021-11-14 20:28:16', '2021-11-14 20:28:16'),
(132, NULL, 52, '2021-11-14 20:32:38', '2021-11-14 20:32:38'),
(133, NULL, 52, '2021-11-14 20:33:15', '2021-11-14 20:33:15'),
(134, NULL, 52, '2021-11-14 20:36:13', '2021-11-14 20:36:13'),
(135, NULL, 52, '2021-11-14 20:39:06', '2021-11-14 20:39:06'),
(136, NULL, 52, '2021-11-14 20:39:35', '2021-11-14 20:39:35'),
(137, NULL, 52, '2021-11-14 20:41:26', '2021-11-14 20:41:26'),
(138, NULL, 52, '2021-11-14 20:41:59', '2021-11-14 20:41:59'),
(139, NULL, 52, '2021-11-14 20:42:19', '2021-11-14 20:42:19'),
(140, NULL, 52, '2021-11-14 20:42:32', '2021-11-14 20:42:32'),
(141, NULL, 52, '2021-11-14 20:42:48', '2021-11-14 20:42:48'),
(142, NULL, 52, '2021-11-14 20:43:39', '2021-11-14 20:43:39'),
(143, NULL, 52, '2021-11-14 20:44:44', '2021-11-14 20:44:44'),
(144, NULL, 52, '2021-11-14 20:45:17', '2021-11-14 20:45:17'),
(145, NULL, 52, '2021-11-14 20:46:10', '2021-11-14 20:46:10'),
(146, NULL, 52, '2021-11-14 20:46:41', '2021-11-14 20:46:41'),
(147, NULL, 52, '2021-11-14 20:48:23', '2021-11-14 20:48:23'),
(148, NULL, 52, '2021-11-14 20:49:32', '2021-11-14 20:49:32'),
(149, NULL, 52, '2021-11-14 20:51:02', '2021-11-14 20:51:02'),
(150, NULL, 52, '2021-11-14 20:51:40', '2021-11-14 20:51:40'),
(151, NULL, 52, '2021-11-14 20:53:03', '2021-11-14 20:53:03'),
(152, NULL, 52, '2021-11-14 20:55:13', '2021-11-14 20:55:13'),
(153, NULL, 52, '2021-11-14 20:55:53', '2021-11-14 20:55:53'),
(154, NULL, 52, '2021-11-14 20:56:35', '2021-11-14 20:56:35'),
(155, NULL, 52, '2021-11-14 20:57:10', '2021-11-14 20:57:10'),
(156, NULL, 52, '2021-11-14 21:11:46', '2021-11-14 21:11:46'),
(157, NULL, 52, '2021-11-14 21:12:19', '2021-11-14 21:12:19'),
(158, NULL, 52, '2021-11-14 21:19:27', '2021-11-14 21:19:27'),
(159, NULL, 52, '2021-11-14 21:19:56', '2021-11-14 21:19:56'),
(160, NULL, 52, '2021-11-14 21:21:27', '2021-11-14 21:21:27'),
(161, NULL, 52, '2021-11-14 21:22:56', '2021-11-14 21:22:56'),
(162, NULL, 52, '2021-11-14 21:36:43', '2021-11-14 21:36:43'),
(163, NULL, 52, '2021-11-14 21:37:58', '2021-11-14 21:37:58'),
(164, NULL, 52, '2021-11-14 21:39:04', '2021-11-14 21:39:04'),
(165, NULL, 52, '2021-11-14 21:39:54', '2021-11-14 21:39:54'),
(166, NULL, 52, '2021-11-14 21:45:41', '2021-11-14 21:45:41'),
(167, NULL, 52, '2021-11-14 21:46:39', '2021-11-14 21:46:39'),
(168, NULL, 52, '2021-11-14 21:47:38', '2021-11-14 21:47:38'),
(169, NULL, 52, '2021-11-14 22:01:39', '2021-11-14 22:01:39'),
(170, NULL, 52, '2021-11-14 22:04:34', '2021-11-14 22:04:34'),
(171, NULL, 52, '2021-11-14 22:05:13', '2021-11-14 22:05:13'),
(172, NULL, 52, '2021-11-14 22:06:20', '2021-11-14 22:06:20'),
(173, NULL, 52, '2021-11-15 07:26:29', '2021-11-15 07:26:29'),
(174, NULL, 52, '2021-11-15 07:31:06', '2021-11-15 07:31:06'),
(175, NULL, 52, '2021-11-15 07:32:02', '2021-11-15 07:32:02'),
(176, NULL, 52, '2021-11-15 07:34:08', '2021-11-15 07:34:08'),
(177, NULL, 52, '2021-11-15 07:34:33', '2021-11-15 07:34:33'),
(178, NULL, 52, '2021-11-15 07:40:43', '2021-11-15 07:40:43'),
(179, NULL, 52, '2021-11-15 07:41:04', '2021-11-15 07:41:04'),
(180, NULL, 52, '2021-11-15 07:42:28', '2021-11-15 07:42:28'),
(181, NULL, 52, '2021-11-15 07:43:06', '2021-11-15 07:43:06'),
(182, NULL, 52, '2021-11-15 07:43:59', '2021-11-15 07:43:59'),
(183, NULL, 52, '2021-11-15 07:44:54', '2021-11-15 07:44:54'),
(184, NULL, 52, '2021-11-15 07:46:56', '2021-11-15 07:46:56'),
(185, NULL, 52, '2021-11-15 07:47:55', '2021-11-15 07:47:55'),
(186, NULL, 52, '2021-11-15 07:48:41', '2021-11-15 07:48:41'),
(187, NULL, 52, '2021-11-15 07:53:27', '2021-11-15 07:53:27'),
(188, NULL, 52, '2021-11-15 08:16:35', '2021-11-15 08:16:35'),
(189, NULL, 52, '2021-11-15 08:17:53', '2021-11-15 08:17:53'),
(190, NULL, 52, '2021-11-15 08:18:43', '2021-11-15 08:18:43'),
(191, NULL, 52, '2021-11-15 08:19:11', '2021-11-15 08:19:11'),
(192, NULL, 52, '2021-11-15 08:19:47', '2021-11-15 08:19:47'),
(193, NULL, 52, '2021-11-15 08:24:03', '2021-11-15 08:24:03'),
(194, NULL, 52, '2021-11-15 08:25:10', '2021-11-15 08:25:10'),
(195, NULL, 52, '2021-11-15 08:26:21', '2021-11-15 08:26:21'),
(196, NULL, 52, '2021-11-15 08:29:11', '2021-11-15 08:29:11'),
(197, NULL, 52, '2021-11-15 08:29:53', '2021-11-15 08:29:53'),
(198, NULL, 52, '2021-11-15 08:30:36', '2021-11-15 08:30:36'),
(199, NULL, 52, '2021-11-15 08:31:19', '2021-11-15 08:31:19'),
(200, NULL, 52, '2021-11-15 08:32:29', '2021-11-15 08:32:29'),
(201, NULL, 52, '2021-11-15 08:34:22', '2021-11-15 08:34:22'),
(202, NULL, 52, '2021-11-15 08:35:52', '2021-11-15 08:35:52'),
(203, NULL, 52, '2021-11-15 08:39:29', '2021-11-15 08:39:29'),
(204, NULL, 52, '2021-11-15 08:39:29', '2021-11-15 08:39:29'),
(205, NULL, 52, '2021-11-15 08:39:30', '2021-11-15 08:39:30'),
(206, NULL, 52, '2021-11-15 08:39:31', '2021-11-15 08:39:31'),
(207, NULL, 52, '2021-11-15 08:39:31', '2021-11-15 08:39:31'),
(208, NULL, 52, '2021-11-15 08:39:31', '2021-11-15 08:39:31'),
(209, NULL, 52, '2021-11-15 09:07:36', '2021-11-15 09:07:36'),
(210, NULL, 52, '2021-11-15 09:09:54', '2021-11-15 09:09:54'),
(211, NULL, 52, '2021-11-15 09:13:30', '2021-11-15 09:13:30'),
(212, NULL, 52, '2021-11-17 15:12:00', '2021-11-17 15:12:00'),
(213, NULL, 52, '2021-11-17 15:23:27', '2021-11-17 15:23:27'),
(214, NULL, 52, '2021-11-17 15:24:48', '2021-11-17 15:24:48'),
(215, NULL, 52, '2021-11-17 15:27:28', '2021-11-17 15:27:28'),
(216, NULL, 52, '2021-11-17 15:28:12', '2021-11-17 15:28:12'),
(217, NULL, 52, '2021-11-17 15:44:41', '2021-11-17 15:44:41'),
(218, NULL, 52, '2021-11-17 15:47:37', '2021-11-17 15:47:37'),
(219, NULL, 52, '2021-11-17 15:48:04', '2021-11-17 15:48:04'),
(220, NULL, 52, '2021-11-17 15:48:26', '2021-11-17 15:48:26'),
(221, NULL, 52, '2021-11-17 15:51:51', '2021-11-17 15:51:51'),
(222, NULL, 55, '2021-11-17 15:54:50', '2021-11-17 15:54:50'),
(223, NULL, 52, '2021-11-17 15:54:52', '2021-11-17 15:54:52'),
(224, NULL, 52, '2021-11-17 15:56:59', '2021-11-17 15:56:59'),
(225, NULL, 52, '2021-11-17 15:58:06', '2021-11-17 15:58:06'),
(226, NULL, 52, '2021-11-19 06:11:02', '2021-11-19 06:11:02'),
(227, NULL, 54, '2021-11-19 06:11:07', '2021-11-19 06:11:07'),
(228, NULL, 52, '2021-11-19 06:11:11', '2021-11-19 06:11:11'),
(229, NULL, 52, '2021-11-19 06:12:16', '2021-11-19 06:12:16'),
(230, NULL, 60, '2021-11-19 06:12:36', '2021-11-19 06:12:36'),
(231, NULL, 62, '2021-11-19 06:14:16', '2021-11-19 06:14:16'),
(232, NULL, 60, '2021-11-19 06:14:25', '2021-11-19 06:14:25'),
(233, NULL, 62, '2021-11-19 06:14:25', '2021-11-19 06:14:25'),
(234, NULL, 58, '2021-11-19 06:14:28', '2021-11-19 06:14:28'),
(235, NULL, 52, '2021-11-19 11:16:40', '2021-11-19 11:16:40'),
(236, NULL, 52, '2021-11-19 11:23:59', '2021-11-19 11:23:59'),
(237, NULL, 52, '2021-11-19 11:24:58', '2021-11-19 11:24:58'),
(238, NULL, 52, '2021-11-19 11:35:58', '2021-11-19 11:35:58'),
(239, NULL, 52, '2021-11-19 11:37:14', '2021-11-19 11:37:14'),
(240, NULL, 54, '2021-11-19 11:37:41', '2021-11-19 11:37:41'),
(241, NULL, 52, '2021-11-19 11:37:46', '2021-11-19 11:37:46'),
(242, NULL, 52, '2021-11-19 22:47:24', '2021-11-19 22:47:24'),
(243, NULL, 52, '2021-11-20 01:51:43', '2021-11-20 01:51:43'),
(244, NULL, 55, '2021-11-20 02:03:23', '2021-11-20 02:03:23'),
(245, NULL, 58, '2021-11-20 02:03:28', '2021-11-20 02:03:28'),
(246, NULL, 88, '2021-11-20 02:04:14', '2021-11-20 02:04:14'),
(247, NULL, 64, '2021-11-20 02:04:25', '2021-11-20 02:04:25'),
(248, NULL, 52, '2021-11-20 02:27:16', '2021-11-20 02:27:16'),
(249, NULL, 89, '2021-11-20 02:27:20', '2021-11-20 02:27:20'),
(250, NULL, 52, '2021-11-20 02:27:25', '2021-11-20 02:27:25'),
(251, NULL, 52, '2021-11-20 02:32:48', '2021-11-20 02:32:48'),
(252, NULL, 52, '2021-11-20 02:32:49', '2021-11-20 02:32:49'),
(253, NULL, 89, '2021-11-20 02:41:37', '2021-11-20 02:41:37'),
(254, NULL, 62, '2021-11-20 03:49:42', '2021-11-20 03:49:42'),
(255, NULL, 56, '2021-11-20 03:50:00', '2021-11-20 03:50:00'),
(256, NULL, 56, '2021-11-20 03:50:02', '2021-11-20 03:50:02'),
(257, NULL, 56, '2021-11-20 03:50:42', '2021-11-20 03:50:42'),
(258, NULL, 52, '2021-11-20 08:21:42', '2021-11-20 08:21:42'),
(259, NULL, 89, '2021-11-20 08:24:19', '2021-11-20 08:24:19'),
(260, NULL, 89, '2021-11-20 08:25:55', '2021-11-20 08:25:55'),
(261, NULL, 89, '2021-11-20 08:27:25', '2021-11-20 08:27:25'),
(262, NULL, 56, '2021-11-20 08:31:05', '2021-11-20 08:31:05'),
(263, NULL, 56, '2021-11-20 08:31:29', '2021-11-20 08:31:29'),
(264, NULL, 52, '2021-11-20 08:33:07', '2021-11-20 08:33:07'),
(265, NULL, 52, '2021-11-20 08:34:14', '2021-11-20 08:34:14'),
(266, NULL, 52, '2021-11-20 08:39:44', '2021-11-20 08:39:44'),
(267, NULL, 52, '2021-11-20 08:43:23', '2021-11-20 08:43:23'),
(268, NULL, 89, '2021-11-20 08:43:37', '2021-11-20 08:43:37'),
(269, NULL, 52, '2021-11-20 08:50:52', '2021-11-20 08:50:52'),
(270, NULL, 89, '2021-11-20 08:51:05', '2021-11-20 08:51:05'),
(271, NULL, 52, '2021-11-20 17:16:36', '2021-11-20 17:16:36'),
(272, NULL, 52, '2021-11-20 17:17:33', '2021-11-20 17:17:33'),
(273, NULL, 52, '2021-11-20 17:18:38', '2021-11-20 17:18:38'),
(274, NULL, 54, '2021-11-20 17:19:52', '2021-11-20 17:19:52'),
(275, NULL, 52, '2021-11-20 17:19:55', '2021-11-20 17:19:55'),
(276, NULL, 52, '2021-11-20 17:20:34', '2021-11-20 17:20:34'),
(277, NULL, 52, '2021-11-20 17:21:36', '2021-11-20 17:21:36'),
(278, NULL, 52, '2021-11-20 17:23:12', '2021-11-20 17:23:12'),
(279, NULL, 52, '2021-11-20 17:24:11', '2021-11-20 17:24:11'),
(280, NULL, 89, '2021-11-20 20:31:18', '2021-11-20 20:31:18'),
(281, NULL, 89, '2021-11-20 20:34:37', '2021-11-20 20:34:37'),
(282, NULL, 54, '2021-11-20 20:44:19', '2021-11-20 20:44:19'),
(283, NULL, 54, '2021-11-20 20:44:19', '2021-11-20 20:44:19'),
(284, NULL, 54, '2021-11-20 20:44:19', '2021-11-20 20:44:19'),
(285, NULL, 56, '2021-11-20 20:44:22', '2021-11-20 20:44:22'),
(286, NULL, 56, '2021-11-20 20:44:32', '2021-11-20 20:44:32'),
(287, NULL, 57, '2021-11-20 20:46:47', '2021-11-20 20:46:47'),
(288, NULL, 56, '2021-11-20 21:09:10', '2021-11-20 21:09:10'),
(289, NULL, 56, '2021-11-20 21:09:11', '2021-11-20 21:09:11'),
(290, NULL, 52, '2021-11-20 21:11:30', '2021-11-20 21:11:30'),
(291, NULL, 54, '2021-11-20 21:12:40', '2021-11-20 21:12:40'),
(292, NULL, 52, '2021-11-20 21:12:42', '2021-11-20 21:12:42'),
(293, NULL, 55, '2021-11-20 21:12:46', '2021-11-20 21:12:46'),
(294, NULL, 58, '2021-11-20 21:13:24', '2021-11-20 21:13:24'),
(295, NULL, 56, '2021-11-20 21:13:29', '2021-11-20 21:13:29'),
(296, NULL, 56, '2021-11-20 21:14:00', '2021-11-20 21:14:00'),
(297, NULL, 56, '2021-11-20 21:20:22', '2021-11-20 21:20:22'),
(298, NULL, 52, '2021-11-20 22:08:19', '2021-11-20 22:08:19'),
(299, NULL, 52, '2021-11-20 22:08:39', '2021-11-20 22:08:39'),
(300, NULL, 52, '2021-11-20 22:18:41', '2021-11-20 22:18:41'),
(301, NULL, 52, '2021-11-20 22:18:45', '2021-11-20 22:18:45'),
(302, NULL, 52, '2021-11-20 22:18:46', '2021-11-20 22:18:46'),
(303, NULL, 52, '2021-11-20 22:18:46', '2021-11-20 22:18:46'),
(304, NULL, 52, '2021-11-20 22:19:07', '2021-11-20 22:19:07'),
(305, NULL, 52, '2021-11-20 22:19:31', '2021-11-20 22:19:31'),
(306, NULL, 89, '2021-11-20 22:19:42', '2021-11-20 22:19:42'),
(307, NULL, 52, '2021-11-20 22:21:32', '2021-11-20 22:21:32'),
(308, NULL, 89, '2021-11-20 22:21:38', '2021-11-20 22:21:38'),
(309, NULL, 52, '2021-11-20 22:39:43', '2021-11-20 22:39:43'),
(310, NULL, 89, '2021-11-20 22:39:46', '2021-11-20 22:39:46'),
(311, NULL, 52, '2021-11-20 22:40:47', '2021-11-20 22:40:47'),
(312, NULL, 89, '2021-11-20 22:40:50', '2021-11-20 22:40:50'),
(313, NULL, 89, '2021-11-20 22:41:35', '2021-11-20 22:41:35'),
(314, NULL, 89, '2021-11-20 22:42:33', '2021-11-20 22:42:33'),
(315, NULL, 89, '2021-11-20 22:42:50', '2021-11-20 22:42:50'),
(316, NULL, 52, '2021-11-20 22:42:58', '2021-11-20 22:42:58'),
(317, NULL, 56, '2021-11-20 22:43:22', '2021-11-20 22:43:22'),
(318, NULL, 89, '2021-11-20 22:46:11', '2021-11-20 22:46:11'),
(319, NULL, 52, '2021-11-20 22:46:42', '2021-11-20 22:46:42'),
(320, NULL, 89, '2021-11-20 22:46:44', '2021-11-20 22:46:44'),
(321, NULL, 52, '2021-11-20 22:46:54', '2021-11-20 22:46:54'),
(322, NULL, 56, '2021-11-20 22:47:03', '2021-11-20 22:47:03'),
(323, NULL, 89, '2021-11-20 22:51:16', '2021-11-20 22:51:16'),
(324, NULL, 89, '2021-11-20 23:00:26', '2021-11-20 23:00:26'),
(325, NULL, 52, '2021-11-20 23:23:15', '2021-11-20 23:23:15'),
(326, NULL, 89, '2021-11-20 23:23:41', '2021-11-20 23:23:41'),
(327, NULL, 52, '2021-11-20 23:24:01', '2021-11-20 23:24:01'),
(328, NULL, 52, '2021-11-20 23:36:07', '2021-11-20 23:36:07'),
(329, NULL, 52, '2021-11-20 23:39:25', '2021-11-20 23:39:25'),
(330, NULL, 52, '2021-11-20 23:40:20', '2021-11-20 23:40:20'),
(331, NULL, 89, '2021-11-20 23:40:42', '2021-11-20 23:40:42'),
(332, NULL, 52, '2021-11-21 04:27:39', '2021-11-21 04:27:39'),
(333, NULL, 52, '2021-11-21 04:28:56', '2021-11-21 04:28:56'),
(334, NULL, 52, '2021-11-21 04:29:18', '2021-11-21 04:29:18'),
(335, NULL, 52, '2021-11-21 04:31:18', '2021-11-21 04:31:18'),
(336, NULL, 52, '2021-11-21 04:33:03', '2021-11-21 04:33:03'),
(337, NULL, 52, '2021-11-21 04:33:52', '2021-11-21 04:33:52'),
(338, NULL, 52, '2021-11-21 04:34:38', '2021-11-21 04:34:38'),
(339, NULL, 52, '2021-11-21 04:36:36', '2021-11-21 04:36:36'),
(340, NULL, 52, '2021-11-21 04:37:17', '2021-11-21 04:37:17'),
(341, NULL, 52, '2021-11-21 04:37:52', '2021-11-21 04:37:52'),
(342, NULL, 89, '2021-11-21 04:38:50', '2021-11-21 04:38:50'),
(343, NULL, 52, '2021-11-21 04:40:07', '2021-11-21 04:40:07'),
(344, NULL, 52, '2021-11-21 04:45:04', '2021-11-21 04:45:04'),
(345, NULL, 52, '2021-11-21 04:46:07', '2021-11-21 04:46:07'),
(346, NULL, 52, '2021-11-21 04:50:37', '2021-11-21 04:50:37'),
(347, NULL, 52, '2021-11-21 04:51:36', '2021-11-21 04:51:36'),
(348, NULL, 52, '2021-11-21 04:52:36', '2021-11-21 04:52:36'),
(349, NULL, 52, '2021-11-21 04:53:19', '2021-11-21 04:53:19'),
(350, NULL, 52, '2021-11-21 04:53:40', '2021-11-21 04:53:40'),
(351, NULL, 52, '2021-11-21 04:54:23', '2021-11-21 04:54:23'),
(352, NULL, 52, '2021-11-21 04:55:06', '2021-11-21 04:55:06'),
(353, NULL, 52, '2021-11-21 05:00:20', '2021-11-21 05:00:20'),
(354, NULL, 89, '2021-11-21 05:02:01', '2021-11-21 05:02:01'),
(355, NULL, 52, '2021-11-21 05:10:06', '2021-11-21 05:10:06'),
(356, NULL, 52, '2021-11-21 05:13:33', '2021-11-21 05:13:33'),
(357, NULL, 52, '2021-11-21 05:13:52', '2021-11-21 05:13:52'),
(358, NULL, 52, '2021-11-21 18:48:06', '2021-11-21 18:48:06'),
(359, NULL, 52, '2021-11-21 20:03:48', '2021-11-21 20:03:48'),
(360, NULL, 52, '2021-11-21 20:05:00', '2021-11-21 20:05:00'),
(361, NULL, 89, '2021-11-21 20:05:11', '2021-11-21 20:05:11'),
(362, NULL, 52, '2021-11-21 20:11:47', '2021-11-21 20:11:47'),
(363, NULL, 52, '2021-11-21 20:11:50', '2021-11-21 20:11:50'),
(364, NULL, 54, '2021-11-21 20:14:28', '2021-11-21 20:14:28'),
(365, NULL, 52, '2021-11-21 20:14:34', '2021-11-21 20:14:34'),
(366, NULL, 52, '2021-11-21 20:15:55', '2021-11-21 20:15:55'),
(367, NULL, 52, '2021-11-21 20:16:13', '2021-11-21 20:16:13'),
(368, NULL, 52, '2021-11-22 07:55:06', '2021-11-22 07:55:06'),
(369, NULL, 56, '2021-11-22 08:09:33', '2021-11-22 08:09:33'),
(370, NULL, 58, '2021-11-22 08:09:36', '2021-11-22 08:09:36'),
(371, NULL, 89, '2021-11-22 08:17:06', '2021-11-22 08:17:06'),
(372, NULL, 52, '2021-11-26 01:39:34', '2021-11-26 01:39:34'),
(373, NULL, 55, '2021-11-26 01:39:40', '2021-11-26 01:39:40'),
(374, NULL, 63, '2021-11-26 01:39:49', '2021-11-26 01:39:49'),
(375, NULL, 58, '2021-11-26 01:39:54', '2021-11-26 01:39:54'),
(376, NULL, 52, '2021-11-27 03:41:54', '2021-11-27 03:41:54'),
(377, NULL, 89, '2021-11-27 03:44:26', '2021-11-27 03:44:26'),
(378, NULL, 52, '2021-11-27 03:47:11', '2021-11-27 03:47:11'),
(379, NULL, 89, '2021-11-27 03:47:13', '2021-11-27 03:47:13'),
(380, NULL, 52, '2021-11-27 03:50:41', '2021-11-27 03:50:41'),
(381, NULL, 89, '2021-11-27 03:50:43', '2021-11-27 03:50:43'),
(382, NULL, 89, '2021-11-27 03:51:29', '2021-11-27 03:51:29'),
(383, NULL, 52, '2021-11-27 03:52:17', '2021-11-27 03:52:17'),
(384, NULL, 52, '2021-11-27 03:54:43', '2021-11-27 03:54:43'),
(385, NULL, 52, '2021-11-27 04:02:34', '2021-11-27 04:02:34'),
(386, NULL, 89, '2021-11-27 04:03:42', '2021-11-27 04:03:42'),
(387, NULL, 52, '2021-11-27 04:06:01', '2021-11-27 04:06:01'),
(388, NULL, 89, '2021-11-27 04:06:05', '2021-11-27 04:06:05'),
(389, NULL, 52, '2021-11-27 06:23:23', '2021-11-27 06:23:23'),
(390, NULL, 52, '2021-11-27 06:32:16', '2021-11-27 06:32:16'),
(391, NULL, 52, '2021-11-27 06:33:22', '2021-11-27 06:33:22'),
(392, NULL, 52, '2021-11-27 06:37:12', '2021-11-27 06:37:12'),
(393, NULL, 52, '2021-11-27 06:38:10', '2021-11-27 06:38:10'),
(394, NULL, 52, '2021-11-27 06:39:25', '2021-11-27 06:39:25'),
(395, NULL, 52, '2021-11-27 06:40:49', '2021-11-27 06:40:49'),
(396, NULL, 52, '2021-11-27 06:44:49', '2021-11-27 06:44:49'),
(397, NULL, 52, '2021-11-27 06:46:16', '2021-11-27 06:46:16'),
(398, NULL, 52, '2021-11-27 06:46:58', '2021-11-27 06:46:58'),
(399, NULL, 52, '2021-11-27 06:47:48', '2021-11-27 06:47:48'),
(400, NULL, 52, '2021-11-27 06:49:06', '2021-11-27 06:49:06'),
(401, NULL, 52, '2021-11-27 06:49:38', '2021-11-27 06:49:38'),
(402, NULL, 52, '2021-11-27 07:08:34', '2021-11-27 07:08:34'),
(403, NULL, 52, '2021-11-27 07:09:52', '2021-11-27 07:09:52'),
(404, NULL, 52, '2021-11-27 07:10:38', '2021-11-27 07:10:38'),
(405, NULL, 52, '2021-11-27 07:11:19', '2021-11-27 07:11:19'),
(406, NULL, 52, '2021-11-27 07:40:57', '2021-11-27 07:40:57'),
(407, NULL, 52, '2021-11-27 07:42:45', '2021-11-27 07:42:45'),
(408, NULL, 70, '2021-11-27 07:42:46', '2021-11-27 07:42:46'),
(409, NULL, 52, '2021-11-27 16:20:50', '2021-11-27 16:20:50'),
(410, NULL, 70, '2021-11-27 16:20:51', '2021-11-27 16:20:51'),
(411, NULL, 52, '2021-11-27 16:23:00', '2021-11-27 16:23:00'),
(412, NULL, 70, '2021-11-27 16:23:01', '2021-11-27 16:23:01'),
(413, NULL, 52, '2021-11-27 16:24:11', '2021-11-27 16:24:11'),
(414, NULL, 70, '2021-11-27 16:24:12', '2021-11-27 16:24:12'),
(415, NULL, 52, '2021-11-27 16:24:53', '2021-11-27 16:24:53'),
(416, NULL, 70, '2021-11-27 16:24:54', '2021-11-27 16:24:54'),
(417, NULL, 52, '2021-11-27 16:25:37', '2021-11-27 16:25:37'),
(418, NULL, 70, '2021-11-27 16:25:38', '2021-11-27 16:25:38'),
(419, NULL, 52, '2021-11-27 16:26:47', '2021-11-27 16:26:47'),
(420, NULL, 70, '2021-11-27 16:26:49', '2021-11-27 16:26:49'),
(421, NULL, 52, '2021-11-27 16:27:13', '2021-11-27 16:27:13'),
(422, NULL, 70, '2021-11-27 16:27:14', '2021-11-27 16:27:14'),
(423, NULL, 52, '2021-11-27 16:27:45', '2021-11-27 16:27:45'),
(424, NULL, 70, '2021-11-27 16:27:46', '2021-11-27 16:27:46'),
(425, NULL, 52, '2021-11-28 04:55:22', '2021-11-28 04:55:22'),
(426, NULL, 70, '2021-11-28 04:55:23', '2021-11-28 04:55:23'),
(427, NULL, 52, '2021-11-28 05:07:40', '2021-11-28 05:07:40'),
(428, NULL, 70, '2021-11-28 05:08:04', '2021-11-28 05:08:04'),
(429, NULL, 70, '2021-11-28 05:08:18', '2021-11-28 05:08:18'),
(430, NULL, 52, '2021-11-28 05:09:52', '2021-11-28 05:09:52'),
(431, NULL, 70, '2021-11-28 05:09:52', '2021-11-28 05:09:52'),
(432, NULL, 89, '2021-11-28 05:09:58', '2021-11-28 05:09:58'),
(433, NULL, 90, '2021-11-28 05:09:59', '2021-11-28 05:09:59'),
(434, NULL, 52, '2021-11-28 05:11:40', '2021-11-28 05:11:40'),
(435, NULL, 70, '2021-11-28 05:11:40', '2021-11-28 05:11:40'),
(436, NULL, 89, '2021-11-28 05:11:47', '2021-11-28 05:11:47'),
(437, NULL, 90, '2021-11-28 05:11:48', '2021-11-28 05:11:48'),
(438, NULL, 52, '2021-11-30 06:58:26', '2021-11-30 06:58:26'),
(439, NULL, 70, '2021-11-30 06:58:27', '2021-11-30 06:58:27'),
(440, NULL, 52, '2021-11-30 07:06:29', '2021-11-30 07:06:29'),
(441, NULL, 70, '2021-11-30 07:06:30', '2021-11-30 07:06:30'),
(442, NULL, 52, '2021-11-30 07:06:51', '2021-11-30 07:06:51'),
(443, NULL, 70, '2021-11-30 07:06:52', '2021-11-30 07:06:52'),
(444, NULL, 52, '2021-11-30 07:10:22', '2021-11-30 07:10:22'),
(445, NULL, 70, '2021-11-30 07:10:23', '2021-11-30 07:10:23'),
(446, NULL, 52, '2021-11-30 07:13:19', '2021-11-30 07:13:19'),
(447, NULL, 70, '2021-11-30 07:13:20', '2021-11-30 07:13:20'),
(448, NULL, 52, '2021-11-30 07:15:22', '2021-11-30 07:15:22'),
(449, NULL, 70, '2021-11-30 07:15:23', '2021-11-30 07:15:23'),
(450, NULL, 52, '2021-11-30 07:17:00', '2021-11-30 07:17:00'),
(451, NULL, 70, '2021-11-30 07:17:00', '2021-11-30 07:17:00'),
(452, NULL, 52, '2021-11-30 07:18:13', '2021-11-30 07:18:13'),
(453, NULL, 70, '2021-11-30 07:18:14', '2021-11-30 07:18:14'),
(454, NULL, 52, '2021-11-30 07:19:38', '2021-11-30 07:19:38'),
(455, NULL, 70, '2021-11-30 07:19:39', '2021-11-30 07:19:39'),
(456, NULL, 52, '2021-11-30 07:20:03', '2021-11-30 07:20:03'),
(457, NULL, 70, '2021-11-30 07:20:04', '2021-11-30 07:20:04'),
(458, NULL, 52, '2021-11-30 07:20:50', '2021-11-30 07:20:50'),
(459, NULL, 70, '2021-11-30 07:20:51', '2021-11-30 07:20:51'),
(460, NULL, 52, '2021-11-30 07:22:27', '2021-11-30 07:22:27'),
(461, NULL, 70, '2021-11-30 07:22:28', '2021-11-30 07:22:28'),
(462, NULL, 52, '2021-11-30 07:23:44', '2021-11-30 07:23:44'),
(463, NULL, 70, '2021-11-30 07:23:44', '2021-11-30 07:23:44'),
(464, NULL, 52, '2021-11-30 07:24:40', '2021-11-30 07:24:40'),
(465, NULL, 70, '2021-11-30 07:24:40', '2021-11-30 07:24:40'),
(466, NULL, 52, '2021-11-30 07:25:34', '2021-11-30 07:25:34'),
(467, NULL, 70, '2021-11-30 07:25:35', '2021-11-30 07:25:35'),
(468, NULL, 52, '2021-11-30 07:29:09', '2021-11-30 07:29:09'),
(469, NULL, 70, '2021-11-30 07:29:11', '2021-11-30 07:29:11'),
(470, NULL, 89, '2021-11-30 08:10:53', '2021-11-30 08:10:53'),
(471, NULL, 90, '2021-11-30 08:10:54', '2021-11-30 08:10:54'),
(472, NULL, 90, '2021-11-30 08:13:22', '2021-11-30 08:13:22'),
(473, NULL, 90, '2021-11-30 08:13:44', '2021-11-30 08:13:44'),
(474, NULL, 52, '2021-11-30 08:13:52', '2021-11-30 08:13:52'),
(475, NULL, 70, '2021-11-30 08:13:53', '2021-11-30 08:13:53'),
(476, NULL, 56, '2021-11-30 08:14:19', '2021-11-30 08:14:19'),
(477, NULL, 76, '2021-11-30 08:14:21', '2021-11-30 08:14:21'),
(478, NULL, 52, '2021-11-30 08:14:50', '2021-11-30 08:14:50'),
(479, NULL, 70, '2021-11-30 08:14:51', '2021-11-30 08:14:51'),
(480, NULL, 52, '2021-11-30 08:24:01', '2021-11-30 08:24:01'),
(481, NULL, 89, '2021-11-30 08:24:04', '2021-11-30 08:24:04'),
(482, NULL, 90, '2021-11-30 08:24:05', '2021-11-30 08:24:05'),
(483, NULL, 89, '2021-11-30 08:26:15', '2021-11-30 08:26:15'),
(484, NULL, 90, '2021-11-30 08:26:16', '2021-11-30 08:26:16'),
(485, NULL, 90, '2021-11-30 08:27:55', '2021-11-30 08:27:55'),
(486, NULL, 52, '2021-11-30 08:30:14', '2021-11-30 08:30:14'),
(487, NULL, 89, '2021-11-30 08:30:50', '2021-11-30 08:30:50'),
(488, NULL, 52, '2021-11-30 08:32:49', '2021-11-30 08:32:49'),
(489, NULL, 70, '2021-11-30 08:32:50', '2021-11-30 08:32:50'),
(490, NULL, 89, '2021-11-30 08:33:07', '2021-11-30 08:33:07'),
(491, NULL, 90, '2021-11-30 08:33:08', '2021-11-30 08:33:08'),
(492, NULL, 56, '2021-11-30 08:34:06', '2021-11-30 08:34:06'),
(493, NULL, 76, '2021-11-30 08:34:07', '2021-11-30 08:34:07'),
(494, NULL, 77, '2021-11-30 08:34:20', '2021-11-30 08:34:20'),
(495, NULL, 52, '2021-11-30 08:34:31', '2021-11-30 08:34:31'),
(496, NULL, 70, '2021-11-30 08:34:32', '2021-11-30 08:34:32'),
(497, NULL, 61, '2021-11-30 08:56:58', '2021-11-30 08:56:58'),
(498, NULL, 83, '2021-11-30 08:56:59', '2021-11-30 08:56:59'),
(499, NULL, 84, '2021-11-30 08:57:02', '2021-11-30 08:57:02'),
(500, NULL, 52, '2021-11-30 08:57:06', '2021-11-30 08:57:06'),
(501, NULL, 70, '2021-11-30 08:57:08', '2021-11-30 08:57:08'),
(502, NULL, 52, '2021-11-30 08:57:36', '2021-11-30 08:57:36'),
(503, NULL, 70, '2021-11-30 08:57:37', '2021-11-30 08:57:37'),
(504, NULL, 52, '2021-11-30 09:29:31', '2021-11-30 09:29:31'),
(505, NULL, 70, '2021-11-30 09:29:32', '2021-11-30 09:29:32'),
(506, NULL, 89, '2021-11-30 09:36:34', '2021-11-30 09:36:34'),
(507, NULL, 90, '2021-11-30 09:36:35', '2021-11-30 09:36:35'),
(508, NULL, 55, '2021-11-30 09:38:27', '2021-11-30 09:38:27'),
(509, NULL, 74, '2021-11-30 09:38:36', '2021-11-30 09:38:36'),
(510, NULL, 89, '2021-11-30 09:40:35', '2021-11-30 09:40:35'),
(511, NULL, 90, '2021-11-30 09:40:36', '2021-11-30 09:40:36'),
(512, NULL, 52, '2021-11-30 10:02:50', '2021-11-30 10:02:50'),
(513, NULL, 70, '2021-11-30 10:02:50', '2021-11-30 10:02:50'),
(514, NULL, 89, '2021-11-30 10:03:14', '2021-11-30 10:03:14'),
(515, NULL, 52, '2021-11-30 10:03:25', '2021-11-30 10:03:25'),
(516, NULL, 70, '2021-11-30 10:03:25', '2021-11-30 10:03:25'),
(517, NULL, 89, '2021-11-30 10:04:03', '2021-11-30 10:04:03'),
(518, NULL, 89, '2021-11-30 10:06:20', '2021-11-30 10:06:20'),
(519, NULL, 90, '2021-11-30 10:06:21', '2021-11-30 10:06:21'),
(520, NULL, 89, '2021-11-30 10:09:27', '2021-11-30 10:09:27'),
(521, NULL, 90, '2021-11-30 10:09:28', '2021-11-30 10:09:28'),
(522, NULL, 52, '2021-11-30 21:17:40', '2021-11-30 21:17:40'),
(523, NULL, 70, '2021-11-30 21:17:41', '2021-11-30 21:17:41'),
(524, NULL, 52, '2021-11-30 22:56:53', '2021-11-30 22:56:53'),
(525, NULL, 70, '2021-11-30 22:56:54', '2021-11-30 22:56:54'),
(526, NULL, 52, '2021-12-01 01:49:22', '2021-12-01 01:49:22'),
(527, NULL, 70, '2021-12-01 01:49:23', '2021-12-01 01:49:23'),
(528, NULL, 90, '2021-12-01 01:49:56', '2021-12-01 01:49:56'),
(529, NULL, 89, '2021-12-01 01:49:58', '2021-12-01 01:49:58'),
(530, NULL, 52, '2021-12-01 04:02:07', '2021-12-01 04:02:07'),
(531, NULL, 70, '2021-12-01 04:02:10', '2021-12-01 04:02:10'),
(532, NULL, 52, '2021-12-01 04:30:13', '2021-12-01 04:30:13'),
(533, NULL, 71, '2021-12-01 04:30:21', '2021-12-01 04:30:21'),
(534, NULL, 70, '2021-12-01 04:30:47', '2021-12-01 04:30:47'),
(535, NULL, 52, '2021-12-01 04:44:40', '2021-12-01 04:44:40'),
(536, NULL, 71, '2021-12-01 04:44:42', '2021-12-01 04:44:42'),
(537, NULL, 70, '2021-12-01 04:44:59', '2021-12-01 04:44:59'),
(538, NULL, 73, '2021-12-01 04:45:12', '2021-12-01 04:45:12'),
(539, NULL, 52, '2021-12-01 06:59:06', '2021-12-01 06:59:06'),
(540, NULL, 70, '2021-12-01 06:59:07', '2021-12-01 06:59:07'),
(541, NULL, 52, '2021-12-01 06:59:31', '2021-12-01 06:59:31'),
(542, NULL, 70, '2021-12-01 06:59:31', '2021-12-01 06:59:31'),
(543, NULL, 52, '2021-12-01 07:00:30', '2021-12-01 07:00:30'),
(544, NULL, 70, '2021-12-01 07:00:30', '2021-12-01 07:00:30'),
(545, NULL, 56, '2021-12-03 05:38:53', '2021-12-03 05:38:53'),
(546, NULL, 76, '2021-12-03 05:38:57', '2021-12-03 05:38:57'),
(547, NULL, 55, '2021-12-03 05:39:20', '2021-12-03 05:39:20'),
(548, NULL, 74, '2021-12-03 05:39:23', '2021-12-03 05:39:23'),
(549, NULL, 57, '2021-12-03 05:39:56', '2021-12-03 05:39:56'),
(550, NULL, 57, '2021-12-03 05:39:58', '2021-12-03 05:39:58'),
(551, NULL, 57, '2021-12-03 05:40:00', '2021-12-03 05:40:00'),
(552, NULL, 57, '2021-12-03 05:40:00', '2021-12-03 05:40:00'),
(553, NULL, 57, '2021-12-03 05:40:00', '2021-12-03 05:40:00'),
(554, NULL, 60, '2021-12-03 05:40:07', '2021-12-03 05:40:07'),
(555, NULL, 57, '2021-12-03 05:40:07', '2021-12-03 05:40:07'),
(556, NULL, 57, '2021-12-03 05:40:07', '2021-12-03 05:40:07'),
(557, NULL, 60, '2021-12-03 05:40:07', '2021-12-03 05:40:07'),
(558, NULL, 60, '2021-12-03 05:40:07', '2021-12-03 05:40:07'),
(559, NULL, 80, '2021-12-03 05:40:14', '2021-12-03 05:40:14'),
(560, NULL, 64, '2021-12-03 05:40:26', '2021-12-03 05:40:26'),
(561, NULL, 64, '2021-12-03 05:40:26', '2021-12-03 05:40:26'),
(562, NULL, 68, '2021-12-03 05:40:41', '2021-12-03 05:40:41'),
(563, NULL, 52, '2021-12-03 06:02:42', '2021-12-03 06:02:42'),
(564, NULL, 70, '2021-12-03 06:02:44', '2021-12-03 06:02:44'),
(565, NULL, 52, '2021-12-03 06:05:18', '2021-12-03 06:05:18'),
(566, NULL, 70, '2021-12-03 06:05:20', '2021-12-03 06:05:20'),
(567, NULL, 52, '2021-12-03 06:08:41', '2021-12-03 06:08:41'),
(568, NULL, 70, '2021-12-03 06:08:42', '2021-12-03 06:08:42'),
(569, NULL, 52, '2021-12-03 06:09:35', '2021-12-03 06:09:35'),
(570, NULL, 71, '2021-12-03 06:09:38', '2021-12-03 06:09:38'),
(571, NULL, 73, '2021-12-03 06:09:40', '2021-12-03 06:09:40'),
(572, NULL, 70, '2021-12-03 06:09:45', '2021-12-03 06:09:45'),
(573, NULL, 89, '2021-12-03 06:10:30', '2021-12-03 06:10:30'),
(574, NULL, 90, '2021-12-03 06:10:32', '2021-12-03 06:10:32'),
(575, NULL, 52, '2021-12-03 06:13:30', '2021-12-03 06:13:30'),
(576, NULL, 70, '2021-12-03 06:13:31', '2021-12-03 06:13:31'),
(577, NULL, 89, '2021-12-03 06:14:45', '2021-12-03 06:14:45'),
(578, NULL, 90, '2021-12-03 06:14:46', '2021-12-03 06:14:46'),
(579, NULL, 89, '2021-12-03 06:15:19', '2021-12-03 06:15:19'),
(580, NULL, 89, '2021-12-03 06:15:22', '2021-12-03 06:15:22'),
(581, NULL, 90, '2021-12-03 06:15:23', '2021-12-03 06:15:23'),
(582, NULL, 89, '2021-12-03 06:17:39', '2021-12-03 06:17:39'),
(583, NULL, 90, '2021-12-03 06:17:40', '2021-12-03 06:17:40'),
(584, NULL, 89, '2021-12-03 06:18:34', '2021-12-03 06:18:34'),
(585, NULL, 90, '2021-12-03 06:18:35', '2021-12-03 06:18:35'),
(586, NULL, 89, '2021-12-03 06:20:34', '2021-12-03 06:20:34'),
(587, NULL, 90, '2021-12-03 06:20:34', '2021-12-03 06:20:34'),
(588, NULL, 89, '2021-12-03 06:21:50', '2021-12-03 06:21:50'),
(589, NULL, 90, '2021-12-03 06:21:51', '2021-12-03 06:21:51'),
(590, NULL, 89, '2021-12-03 06:22:49', '2021-12-03 06:22:49'),
(591, NULL, 90, '2021-12-03 06:22:49', '2021-12-03 06:22:49'),
(592, NULL, 89, '2021-12-03 06:24:16', '2021-12-03 06:24:16'),
(593, NULL, 90, '2021-12-03 06:24:17', '2021-12-03 06:24:17'),
(594, NULL, 90, '2021-12-03 06:27:17', '2021-12-03 06:27:17'),
(595, NULL, 54, '2021-12-03 06:30:38', '2021-12-03 06:30:38'),
(596, NULL, 52, '2021-12-03 06:34:21', '2021-12-03 06:34:21'),
(597, NULL, 70, '2021-12-03 06:36:21', '2021-12-03 06:36:21'),
(598, NULL, 52, '2021-12-03 06:37:54', '2021-12-03 06:37:54'),
(599, NULL, 70, '2021-12-03 06:37:55', '2021-12-03 06:37:55'),
(600, NULL, 52, '2021-12-04 21:59:13', '2021-12-04 21:59:13'),
(601, NULL, 70, '2021-12-04 21:59:14', '2021-12-04 21:59:14'),
(602, NULL, 52, '2021-12-05 04:33:20', '2021-12-05 04:33:20'),
(603, NULL, 70, '2021-12-05 04:33:20', '2021-12-05 04:33:20'),
(604, NULL, 52, '2021-12-05 04:40:10', '2021-12-05 04:40:10'),
(605, NULL, 70, '2021-12-05 04:40:10', '2021-12-05 04:40:10'),
(606, NULL, 52, '2021-12-05 04:40:43', '2021-12-05 04:40:43'),
(607, NULL, 70, '2021-12-05 04:40:44', '2021-12-05 04:40:44'),
(608, NULL, 52, '2021-12-05 04:41:43', '2021-12-05 04:41:43'),
(609, NULL, 70, '2021-12-05 04:41:43', '2021-12-05 04:41:43'),
(610, NULL, 52, '2021-12-05 04:42:23', '2021-12-05 04:42:23'),
(611, NULL, 70, '2021-12-05 04:42:24', '2021-12-05 04:42:24'),
(612, NULL, 52, '2021-12-05 04:43:45', '2021-12-05 04:43:45'),
(613, NULL, 70, '2021-12-05 04:43:45', '2021-12-05 04:43:45'),
(614, NULL, 52, '2021-12-05 04:45:01', '2021-12-05 04:45:01'),
(615, NULL, 70, '2021-12-05 04:45:01', '2021-12-05 04:45:01'),
(616, NULL, 52, '2021-12-05 04:53:35', '2021-12-05 04:53:35'),
(617, NULL, 73, '2021-12-05 04:53:38', '2021-12-05 04:53:38'),
(618, NULL, 70, '2021-12-05 04:53:41', '2021-12-05 04:53:41'),
(619, NULL, 52, '2021-12-05 04:58:08', '2021-12-05 04:58:08'),
(620, NULL, 52, '2021-12-05 06:00:30', '2021-12-05 06:00:30'),
(621, NULL, 70, '2021-12-05 06:00:31', '2021-12-05 06:00:31'),
(622, NULL, 52, '2021-12-05 06:08:22', '2021-12-05 06:08:22'),
(623, NULL, 70, '2021-12-05 06:08:23', '2021-12-05 06:08:23'),
(624, NULL, 52, '2021-12-05 06:12:41', '2021-12-05 06:12:41'),
(625, NULL, 70, '2021-12-05 06:12:42', '2021-12-05 06:12:42'),
(626, NULL, 52, '2021-12-05 06:24:32', '2021-12-05 06:24:32'),
(627, NULL, 70, '2021-12-05 06:24:33', '2021-12-05 06:24:33'),
(628, NULL, 52, '2021-12-05 06:25:44', '2021-12-05 06:25:44'),
(629, NULL, 70, '2021-12-05 06:25:45', '2021-12-05 06:25:45'),
(630, NULL, 52, '2021-12-05 06:55:35', '2021-12-05 06:55:35'),
(631, NULL, 70, '2021-12-05 06:55:36', '2021-12-05 06:55:36'),
(632, NULL, 89, '2021-12-06 07:54:55', '2021-12-06 07:54:55'),
(633, NULL, 90, '2021-12-06 07:54:57', '2021-12-06 07:54:57'),
(634, NULL, 90, '2021-12-06 07:56:02', '2021-12-06 07:56:02'),
(635, NULL, 90, '2021-12-06 07:57:48', '2021-12-06 07:57:48'),
(636, NULL, 52, '2021-12-06 07:58:28', '2021-12-06 07:58:28'),
(637, NULL, 70, '2021-12-06 07:58:29', '2021-12-06 07:58:29'),
(638, NULL, 71, '2021-12-06 07:58:32', '2021-12-06 07:58:32'),
(639, NULL, 52, '2021-12-07 20:10:58', '2021-12-07 20:10:58'),
(640, NULL, 70, '2021-12-07 20:11:04', '2021-12-07 20:11:04'),
(641, NULL, 64, '2021-12-07 20:11:25', '2021-12-07 20:11:25'),
(642, NULL, 89, '2021-12-07 20:46:17', '2021-12-07 20:46:17'),
(643, NULL, 90, '2021-12-07 20:46:18', '2021-12-07 20:46:18'),
(644, NULL, 58, '2021-12-10 19:51:10', '2021-12-10 19:51:10'),
(645, NULL, 82, '2021-12-10 19:51:11', '2021-12-10 19:51:11'),
(646, NULL, 56, '2021-12-10 19:53:08', '2021-12-10 19:53:08'),
(647, NULL, 76, '2021-12-10 19:53:09', '2021-12-10 19:53:09'),
(648, NULL, 76, '2021-12-10 19:54:14', '2021-12-10 19:54:14'),
(649, NULL, 89, '2021-12-10 20:01:42', '2021-12-10 20:01:42'),
(650, NULL, 90, '2021-12-10 20:01:43', '2021-12-10 20:01:43'),
(651, NULL, 89, '2021-12-10 20:04:33', '2021-12-10 20:04:33'),
(652, NULL, 90, '2021-12-10 20:04:34', '2021-12-10 20:04:34'),
(653, NULL, 89, '2021-12-10 20:06:27', '2021-12-10 20:06:27'),
(654, NULL, 89, '2021-12-10 20:06:28', '2021-12-10 20:06:28'),
(655, NULL, 90, '2021-12-10 20:06:28', '2021-12-10 20:06:28'),
(656, NULL, 89, '2021-12-10 20:30:20', '2021-12-10 20:30:20'),
(657, NULL, 90, '2021-12-10 20:30:21', '2021-12-10 20:30:21'),
(658, NULL, 56, '2021-12-10 21:14:45', '2021-12-10 21:14:45'),
(659, NULL, 56, '2021-12-10 21:14:46', '2021-12-10 21:14:46'),
(660, NULL, 76, '2021-12-10 21:14:50', '2021-12-10 21:14:50'),
(661, NULL, 52, '2021-12-10 21:17:39', '2021-12-10 21:17:39'),
(662, NULL, 52, '2021-12-10 21:46:49', '2021-12-10 21:46:49'),
(663, NULL, 52, '2021-12-10 21:47:10', '2021-12-10 21:47:10'),
(664, NULL, 52, '2021-12-10 21:47:10', '2021-12-10 21:47:10'),
(665, NULL, 70, '2021-12-10 21:47:11', '2021-12-10 21:47:11'),
(666, NULL, 52, '2021-12-12 03:40:43', '2021-12-12 03:40:43'),
(667, NULL, 70, '2021-12-12 03:40:46', '2021-12-12 03:40:46'),
(668, NULL, 52, '2021-12-12 03:55:58', '2021-12-12 03:55:58'),
(669, NULL, 70, '2021-12-12 03:55:59', '2021-12-12 03:55:59'),
(670, NULL, 52, '2021-12-12 04:21:58', '2021-12-12 04:21:58'),
(671, NULL, 70, '2021-12-12 04:22:01', '2021-12-12 04:22:01'),
(672, NULL, 52, '2021-12-12 04:22:27', '2021-12-12 04:22:27'),
(673, NULL, 70, '2021-12-12 04:22:28', '2021-12-12 04:22:28'),
(674, NULL, 52, '2021-12-12 04:24:29', '2021-12-12 04:24:29'),
(675, NULL, 70, '2021-12-12 04:24:30', '2021-12-12 04:24:30'),
(676, NULL, 52, '2021-12-12 04:24:42', '2021-12-12 04:24:42'),
(677, NULL, 70, '2021-12-12 04:24:42', '2021-12-12 04:24:42'),
(678, NULL, 52, '2021-12-12 04:31:51', '2021-12-12 04:31:51'),
(679, NULL, 70, '2021-12-12 04:31:52', '2021-12-12 04:31:52'),
(680, NULL, 70, '2021-12-12 04:34:10', '2021-12-12 04:34:10'),
(681, NULL, 52, '2021-12-12 04:34:19', '2021-12-12 04:34:19'),
(682, NULL, 70, '2021-12-12 04:34:20', '2021-12-12 04:34:20'),
(683, NULL, 52, '2021-12-12 04:35:02', '2021-12-12 04:35:02'),
(684, NULL, 70, '2021-12-12 04:35:03', '2021-12-12 04:35:03'),
(685, NULL, 52, '2021-12-12 04:35:53', '2021-12-12 04:35:53'),
(686, NULL, 70, '2021-12-12 04:35:53', '2021-12-12 04:35:53'),
(687, NULL, 52, '2021-12-12 04:37:42', '2021-12-12 04:37:42'),
(688, NULL, 70, '2021-12-12 04:37:45', '2021-12-12 04:37:45'),
(689, NULL, 52, '2021-12-12 04:38:30', '2021-12-12 04:38:30'),
(690, NULL, 70, '2021-12-12 04:38:31', '2021-12-12 04:38:31'),
(691, NULL, 52, '2021-12-12 04:40:21', '2021-12-12 04:40:21'),
(692, NULL, 70, '2021-12-12 04:40:22', '2021-12-12 04:40:22'),
(693, NULL, 52, '2021-12-12 04:41:08', '2021-12-12 04:41:08'),
(694, NULL, 70, '2021-12-12 04:41:09', '2021-12-12 04:41:09'),
(695, NULL, 89, '2021-12-12 04:41:23', '2021-12-12 04:41:23'),
(696, NULL, 90, '2021-12-12 04:41:24', '2021-12-12 04:41:24'),
(697, NULL, 52, '2021-12-12 04:41:50', '2021-12-12 04:41:50'),
(698, NULL, 70, '2021-12-12 04:41:51', '2021-12-12 04:41:51'),
(699, NULL, 89, '2021-12-12 04:41:56', '2021-12-12 04:41:56'),
(700, NULL, 90, '2021-12-12 04:41:57', '2021-12-12 04:41:57'),
(701, NULL, 52, '2021-12-12 04:42:14', '2021-12-12 04:42:14'),
(702, NULL, 70, '2021-12-12 04:42:15', '2021-12-12 04:42:15'),
(703, NULL, 89, '2021-12-12 04:47:40', '2021-12-12 04:47:40'),
(704, NULL, 90, '2021-12-12 04:47:46', '2021-12-12 04:47:46'),
(705, NULL, 89, '2021-12-12 04:51:00', '2021-12-12 04:51:00'),
(706, NULL, 90, '2021-12-12 04:51:02', '2021-12-12 04:51:02'),
(707, NULL, 52, '2021-12-13 03:00:34', '2021-12-13 03:00:34'),
(708, NULL, 70, '2021-12-13 03:00:36', '2021-12-13 03:00:36'),
(709, NULL, 54, '2021-12-13 03:04:32', '2021-12-13 03:04:32'),
(710, NULL, 52, '2021-12-13 03:04:35', '2021-12-13 03:04:35'),
(711, NULL, 71, '2021-12-13 03:04:36', '2021-12-13 03:04:36'),
(712, NULL, 88, '2021-12-13 03:04:59', '2021-12-13 03:04:59'),
(713, NULL, 55, '2021-12-13 03:05:08', '2021-12-13 03:05:08'),
(714, NULL, 74, '2021-12-13 03:05:09', '2021-12-13 03:05:09'),
(715, NULL, 52, '2021-12-13 03:07:42', '2021-12-13 03:07:42'),
(716, NULL, 70, '2021-12-13 03:07:43', '2021-12-13 03:07:43'),
(717, NULL, 61, '2021-12-15 06:45:47', '2021-12-15 06:45:47'),
(718, NULL, 83, '2021-12-15 06:45:49', '2021-12-15 06:45:49'),
(719, NULL, 84, '2021-12-15 06:45:58', '2021-12-15 06:45:58'),
(720, NULL, 83, '2021-12-15 06:46:13', '2021-12-15 06:46:13'),
(721, NULL, 84, '2021-12-15 06:46:35', '2021-12-15 06:46:35'),
(722, NULL, 83, '2021-12-15 06:46:38', '2021-12-15 06:46:38'),
(723, NULL, 61, '2021-12-15 06:48:31', '2021-12-15 06:48:31'),
(724, NULL, 84, '2021-12-15 06:48:33', '2021-12-15 06:48:33'),
(725, NULL, 83, '2021-12-15 06:50:32', '2021-12-15 06:50:32'),
(726, NULL, 52, '2021-12-15 06:52:04', '2021-12-15 06:52:04'),
(727, NULL, 70, '2021-12-15 06:52:04', '2021-12-15 06:52:04'),
(728, NULL, 52, '2021-12-15 06:52:33', '2021-12-15 06:52:33'),
(729, NULL, 70, '2021-12-15 06:52:34', '2021-12-15 06:52:34'),
(730, NULL, 61, '2021-12-15 06:54:24', '2021-12-15 06:54:24'),
(731, NULL, 83, '2021-12-15 06:54:26', '2021-12-15 06:54:26'),
(732, NULL, 84, '2021-12-15 06:54:28', '2021-12-15 06:54:28'),
(733, NULL, 89, '2021-12-15 06:56:38', '2021-12-15 06:56:38'),
(734, NULL, 90, '2021-12-15 06:56:39', '2021-12-15 06:56:39'),
(735, NULL, 61, '2021-12-15 07:01:49', '2021-12-15 07:01:49'),
(736, NULL, 84, '2021-12-15 07:01:50', '2021-12-15 07:01:50'),
(737, NULL, 61, '2021-12-18 11:51:40', '2021-12-18 11:51:40'),
(738, NULL, 83, '2021-12-18 11:51:41', '2021-12-18 11:51:41'),
(739, NULL, 84, '2021-12-18 11:52:18', '2021-12-18 11:52:18'),
(740, NULL, 61, '2021-12-18 11:58:25', '2021-12-18 11:58:25'),
(741, NULL, 84, '2021-12-18 11:58:28', '2021-12-18 11:58:28'),
(742, NULL, 84, '2021-12-18 11:58:37', '2021-12-18 11:58:37'),
(743, NULL, 83, '2021-12-18 11:59:42', '2021-12-18 11:59:42'),
(744, NULL, 84, '2021-12-18 11:59:46', '2021-12-18 11:59:46'),
(745, NULL, 61, '2021-12-18 12:00:14', '2021-12-18 12:00:14'),
(746, NULL, 84, '2021-12-18 12:00:15', '2021-12-18 12:00:15'),
(747, NULL, 61, '2021-12-18 12:04:03', '2021-12-18 12:04:03'),
(748, NULL, 84, '2021-12-18 12:04:05', '2021-12-18 12:04:05'),
(749, NULL, 61, '2021-12-18 12:04:47', '2021-12-18 12:04:47'),
(750, NULL, 84, '2021-12-18 12:04:48', '2021-12-18 12:04:48'),
(751, NULL, 89, '2021-12-18 12:10:02', '2021-12-18 12:10:02'),
(752, NULL, 90, '2021-12-18 12:10:02', '2021-12-18 12:10:02'),
(753, NULL, 89, '2021-12-18 12:13:10', '2021-12-18 12:13:10'),
(754, NULL, 90, '2021-12-18 12:13:11', '2021-12-18 12:13:11'),
(755, NULL, 52, '2021-12-18 12:15:45', '2021-12-18 12:15:45'),
(756, NULL, 71, '2021-12-18 12:19:03', '2021-12-18 12:19:03'),
(757, NULL, 52, '2021-12-18 12:19:14', '2021-12-18 12:19:14'),
(758, NULL, 70, '2021-12-18 12:19:15', '2021-12-18 12:19:15'),
(759, NULL, 52, '2021-12-18 12:19:37', '2021-12-18 12:19:37'),
(760, NULL, 70, '2021-12-18 12:19:38', '2021-12-18 12:19:38'),
(761, NULL, 52, '2021-12-18 12:20:17', '2021-12-18 12:20:17'),
(762, NULL, 73, '2021-12-18 12:20:18', '2021-12-18 12:20:18'),
(763, NULL, 89, '2021-12-18 12:20:36', '2021-12-18 12:20:36'),
(764, NULL, 90, '2021-12-18 12:20:38', '2021-12-18 12:20:38'),
(765, NULL, 52, '2021-12-18 12:21:32', '2021-12-18 12:21:32'),
(766, NULL, 70, '2021-12-18 12:21:33', '2021-12-18 12:21:33'),
(767, NULL, 61, '2021-12-18 12:23:41', '2021-12-18 12:23:41'),
(768, NULL, 84, '2021-12-18 12:23:43', '2021-12-18 12:23:43'),
(769, NULL, 84, '2021-12-18 12:32:35', '2021-12-18 12:32:35'),
(770, NULL, 52, '2021-12-18 12:34:07', '2021-12-18 12:34:07'),
(771, NULL, 70, '2021-12-18 12:34:08', '2021-12-18 12:34:08'),
(772, NULL, 70, '2021-12-18 12:34:47', '2021-12-18 12:34:47'),
(773, NULL, 52, '2021-12-18 12:35:11', '2021-12-18 12:35:11'),
(774, NULL, 70, '2021-12-18 12:35:11', '2021-12-18 12:35:11'),
(775, NULL, 52, '2021-12-18 12:39:46', '2021-12-18 12:39:46'),
(776, NULL, 70, '2021-12-18 12:39:47', '2021-12-18 12:39:47'),
(777, NULL, 52, '2021-12-18 23:39:11', '2021-12-18 23:39:11'),
(778, NULL, 70, '2021-12-18 23:39:12', '2021-12-18 23:39:12'),
(779, NULL, 89, '2021-12-18 23:39:28', '2021-12-18 23:39:28'),
(780, NULL, 90, '2021-12-18 23:39:29', '2021-12-18 23:39:29'),
(781, NULL, 90, '2021-12-18 23:39:58', '2021-12-18 23:39:58'),
(782, NULL, 61, '2021-12-18 23:40:20', '2021-12-18 23:40:20'),
(783, NULL, 83, '2021-12-18 23:40:25', '2021-12-18 23:40:25'),
(784, NULL, 61, '2021-12-18 23:42:45', '2021-12-18 23:42:45'),
(785, NULL, 83, '2021-12-18 23:42:46', '2021-12-18 23:42:46'),
(786, NULL, 52, '2021-12-18 23:43:42', '2021-12-18 23:43:42'),
(787, NULL, 61, '2021-12-18 23:43:48', '2021-12-18 23:43:48'),
(788, NULL, 83, '2021-12-18 23:43:49', '2021-12-18 23:43:49'),
(789, NULL, 52, '2021-12-18 23:44:21', '2021-12-18 23:44:21'),
(790, NULL, 70, '2021-12-18 23:44:21', '2021-12-18 23:44:21'),
(791, NULL, 52, '2021-12-18 23:46:05', '2021-12-18 23:46:05'),
(792, NULL, 70, '2021-12-18 23:46:08', '2021-12-18 23:46:08'),
(793, NULL, 52, '2021-12-18 23:46:21', '2021-12-18 23:46:21'),
(794, NULL, 70, '2021-12-18 23:46:22', '2021-12-18 23:46:22'),
(795, NULL, 61, '2021-12-18 23:46:36', '2021-12-18 23:46:36'),
(796, NULL, 83, '2021-12-18 23:46:36', '2021-12-18 23:46:36'),
(797, NULL, 52, '2021-12-18 23:47:30', '2021-12-18 23:47:30'),
(798, NULL, 61, '2021-12-18 23:47:33', '2021-12-18 23:47:33'),
(799, NULL, 83, '2021-12-18 23:47:34', '2021-12-18 23:47:34'),
(800, NULL, 83, '2021-12-18 23:47:45', '2021-12-18 23:47:45'),
(801, NULL, 61, '2021-12-18 23:50:42', '2021-12-18 23:50:42'),
(802, NULL, 83, '2021-12-18 23:50:44', '2021-12-18 23:50:44'),
(803, NULL, 61, '2021-12-18 23:51:07', '2021-12-18 23:51:07'),
(804, NULL, 83, '2021-12-18 23:51:08', '2021-12-18 23:51:08'),
(805, NULL, 52, '2021-12-18 23:54:34', '2021-12-18 23:54:34'),
(806, NULL, 70, '2021-12-18 23:54:35', '2021-12-18 23:54:35'),
(807, NULL, 52, '2021-12-19 00:40:32', '2021-12-19 00:40:32'),
(808, NULL, 70, '2021-12-19 00:40:33', '2021-12-19 00:40:33'),
(809, NULL, 89, '2021-12-19 00:40:57', '2021-12-19 00:40:57'),
(810, NULL, 90, '2021-12-19 00:40:58', '2021-12-19 00:40:58'),
(811, NULL, 52, '2021-12-19 00:41:36', '2021-12-19 00:41:36'),
(812, NULL, 70, '2021-12-19 00:41:37', '2021-12-19 00:41:37'),
(813, NULL, 52, '2021-12-19 00:43:11', '2021-12-19 00:43:11'),
(814, NULL, 70, '2021-12-19 00:43:13', '2021-12-19 00:43:13'),
(815, NULL, 52, '2021-12-19 00:50:39', '2021-12-19 00:50:39'),
(816, NULL, 70, '2021-12-19 00:50:40', '2021-12-19 00:50:40'),
(817, NULL, 89, '2021-12-19 00:51:00', '2021-12-19 00:51:00'),
(818, NULL, 90, '2021-12-19 00:51:01', '2021-12-19 00:51:01'),
(819, NULL, 89, '2021-12-19 00:54:06', '2021-12-19 00:54:06'),
(820, NULL, 90, '2021-12-19 00:54:07', '2021-12-19 00:54:07'),
(821, NULL, 52, '2021-12-19 00:56:59', '2021-12-19 00:56:59'),
(822, NULL, 89, '2021-12-19 00:57:03', '2021-12-19 00:57:03'),
(823, NULL, 90, '2021-12-19 00:57:05', '2021-12-19 00:57:05'),
(824, NULL, 61, '2021-12-19 00:57:29', '2021-12-19 00:57:29'),
(825, NULL, 83, '2021-12-19 00:57:32', '2021-12-19 00:57:32'),
(826, NULL, 83, '2021-12-19 00:58:35', '2021-12-19 00:58:35'),
(827, NULL, 84, '2021-12-19 00:58:46', '2021-12-19 00:58:46'),
(828, NULL, 89, '2021-12-19 01:04:38', '2021-12-19 01:04:38'),
(829, NULL, 90, '2021-12-19 01:04:40', '2021-12-19 01:04:40'),
(830, NULL, 61, '2021-12-19 01:05:00', '2021-12-19 01:05:00'),
(831, NULL, 84, '2021-12-19 01:05:02', '2021-12-19 01:05:02'),
(832, NULL, 61, '2021-12-19 01:07:14', '2021-12-19 01:07:14'),
(833, NULL, 84, '2021-12-19 01:07:15', '2021-12-19 01:07:15'),
(834, NULL, 89, '2021-12-19 01:07:30', '2021-12-19 01:07:30'),
(835, NULL, 90, '2021-12-19 01:07:32', '2021-12-19 01:07:32'),
(836, NULL, 90, '2021-12-19 01:08:24', '2021-12-19 01:08:24'),
(837, NULL, 52, '2021-12-19 01:13:25', '2021-12-19 01:13:25'),
(838, NULL, 70, '2021-12-19 01:13:27', '2021-12-19 01:13:27'),
(839, NULL, 89, '2021-12-19 01:14:07', '2021-12-19 01:14:07'),
(840, NULL, 90, '2021-12-19 01:14:08', '2021-12-19 01:14:08'),
(841, NULL, 89, '2021-12-19 01:15:46', '2021-12-19 01:15:46'),
(842, NULL, 90, '2021-12-19 01:15:47', '2021-12-19 01:15:47'),
(843, NULL, 90, '2021-12-19 01:16:27', '2021-12-19 01:16:27'),
(844, NULL, 90, '2021-12-19 01:17:02', '2021-12-19 01:17:02'),
(845, NULL, 90, '2021-12-19 01:17:10', '2021-12-19 01:17:10'),
(846, NULL, 90, '2021-12-19 01:17:49', '2021-12-19 01:17:49'),
(847, NULL, 90, '2021-12-19 01:18:44', '2021-12-19 01:18:44'),
(848, NULL, 90, '2021-12-19 01:18:49', '2021-12-19 01:18:49'),
(849, NULL, 54, '2021-12-19 01:23:20', '2021-12-19 01:23:20'),
(850, NULL, 89, '2021-12-19 01:23:24', '2021-12-19 01:23:24'),
(851, NULL, 90, '2021-12-19 01:23:25', '2021-12-19 01:23:25'),
(852, NULL, 52, '2021-12-19 07:54:32', '2021-12-19 07:54:32'),
(853, NULL, 70, '2021-12-19 07:54:33', '2021-12-19 07:54:33'),
(854, NULL, 52, '2021-12-19 07:56:14', '2021-12-19 07:56:14'),
(855, NULL, 70, '2021-12-19 07:56:15', '2021-12-19 07:56:15'),
(856, NULL, 52, '2021-12-19 08:02:05', '2021-12-19 08:02:05'),
(857, NULL, 70, '2021-12-19 08:02:05', '2021-12-19 08:02:05'),
(858, NULL, 61, '2021-12-24 01:37:52', '2021-12-24 01:37:52'),
(859, NULL, 61, '2021-12-24 01:37:52', '2021-12-24 01:37:52'),
(860, NULL, 83, '2021-12-24 01:37:53', '2021-12-24 01:37:53'),
(861, NULL, 61, '2021-12-24 01:39:26', '2021-12-24 01:39:26'),
(862, NULL, 83, '2021-12-24 01:39:27', '2021-12-24 01:39:27'),
(863, NULL, 61, '2021-12-24 01:42:54', '2021-12-24 01:42:54'),
(864, NULL, 61, '2021-12-24 01:42:55', '2021-12-24 01:42:55'),
(865, NULL, 83, '2021-12-24 01:42:55', '2021-12-24 01:42:55'),
(866, NULL, 61, '2021-12-24 07:45:48', '2021-12-24 07:45:48'),
(867, NULL, 84, '2021-12-24 07:45:49', '2021-12-24 07:45:49'),
(868, NULL, 84, '2021-12-24 07:45:59', '2021-12-24 07:45:59'),
(869, NULL, 83, '2021-12-24 07:46:04', '2021-12-24 07:46:04'),
(870, NULL, 52, '2021-12-24 07:49:46', '2021-12-24 07:49:46'),
(871, NULL, 54, '2021-12-24 07:49:52', '2021-12-24 07:49:52'),
(872, NULL, 54, '2021-12-24 07:50:05', '2021-12-24 07:50:05'),
(873, NULL, 60, '2021-12-24 07:51:31', '2021-12-24 07:51:31'),
(874, NULL, 60, '2021-12-24 07:51:43', '2021-12-24 07:51:43'),
(875, NULL, 54, '2021-12-24 07:52:00', '2021-12-24 07:52:00'),
(876, NULL, 54, '2021-12-24 07:52:54', '2021-12-24 07:52:54'),
(877, NULL, 89, '2021-12-25 20:41:50', '2021-12-25 20:41:50'),
(878, NULL, 90, '2021-12-25 20:41:52', '2021-12-25 20:41:52'),
(879, NULL, 90, '2021-12-25 20:43:23', '2021-12-25 20:43:23'),
(880, NULL, 88, '2021-12-25 20:47:33', '2021-12-25 20:47:33'),
(881, NULL, 88, '2021-12-25 20:48:00', '2021-12-25 20:48:00'),
(882, NULL, 88, '2021-12-25 20:48:01', '2021-12-25 20:48:01'),
(883, NULL, 88, '2021-12-25 20:48:02', '2021-12-25 20:48:02'),
(884, NULL, 54, '2021-12-25 20:48:47', '2021-12-25 20:48:47'),
(885, NULL, 59, '2021-12-25 20:48:56', '2021-12-25 20:48:56'),
(886, NULL, 87, '2021-12-25 20:49:07', '2021-12-25 20:49:07'),
(887, NULL, 54, '2021-12-25 20:52:12', '2021-12-25 20:52:12'),
(888, NULL, 61, '2021-12-25 20:54:02', '2021-12-25 20:54:02'),
(889, NULL, 83, '2021-12-25 20:54:03', '2021-12-25 20:54:03'),
(890, NULL, 55, '2021-12-25 21:04:58', '2021-12-25 21:04:58'),
(891, NULL, 75, '2021-12-25 21:05:05', '2021-12-25 21:05:05'),
(892, NULL, 74, '2021-12-25 21:05:07', '2021-12-25 21:05:07'),
(893, NULL, 75, '2021-12-25 21:05:11', '2021-12-25 21:05:11'),
(894, NULL, 55, '2021-12-25 21:05:13', '2021-12-25 21:05:13'),
(895, NULL, 75, '2021-12-25 21:05:15', '2021-12-25 21:05:15'),
(896, NULL, 74, '2021-12-25 21:05:41', '2021-12-25 21:05:41'),
(897, NULL, 52, '2021-12-25 21:05:48', '2021-12-25 21:05:48'),
(898, NULL, 70, '2021-12-25 21:05:49', '2021-12-25 21:05:49'),
(899, NULL, 70, '2021-12-25 21:05:57', '2021-12-25 21:05:57'),
(900, NULL, 71, '2021-12-25 21:06:19', '2021-12-25 21:06:19'),
(901, NULL, 52, '2021-12-25 21:07:01', '2021-12-25 21:07:01'),
(902, NULL, 52, '2021-12-25 21:07:07', '2021-12-25 21:07:07'),
(903, NULL, 52, '2021-12-25 21:07:26', '2021-12-25 21:07:26'),
(904, NULL, 52, '2021-12-25 21:07:36', '2021-12-25 21:07:36'),
(905, NULL, 54, '2021-12-25 21:07:42', '2021-12-25 21:07:42'),
(906, NULL, 52, '2021-12-25 21:07:52', '2021-12-25 21:07:52'),
(907, NULL, 70, '2021-12-25 21:08:09', '2021-12-25 21:08:09'),
(908, NULL, 56, '2021-12-25 21:08:24', '2021-12-25 21:08:24'),
(909, NULL, 77, '2021-12-25 21:08:25', '2021-12-25 21:08:25'),
(910, NULL, 55, '2021-12-25 21:08:29', '2021-12-25 21:08:29'),
(911, NULL, 58, '2021-12-25 21:08:53', '2021-12-25 21:08:53'),
(912, NULL, 56, '2021-12-25 21:08:58', '2021-12-25 21:08:58'),
(913, NULL, 76, '2021-12-25 21:08:59', '2021-12-25 21:08:59'),
(914, NULL, 89, '2021-12-25 21:12:34', '2021-12-25 21:12:34'),
(915, NULL, 90, '2021-12-25 21:12:35', '2021-12-25 21:12:35'),
(916, NULL, 90, '2021-12-25 21:12:40', '2021-12-25 21:12:40'),
(917, NULL, 90, '2021-12-25 21:12:57', '2021-12-25 21:12:57'),
(918, NULL, 55, '2021-12-25 21:21:28', '2021-12-25 21:21:28'),
(919, NULL, 74, '2021-12-25 21:27:15', '2021-12-25 21:27:15'),
(920, NULL, 56, '2021-12-25 22:17:31', '2021-12-25 22:17:31'),
(921, NULL, 76, '2021-12-25 22:17:32', '2021-12-25 22:17:32'),
(922, NULL, 76, '2021-12-25 22:23:26', '2021-12-25 22:23:26'),
(923, NULL, 54, '2021-12-25 22:44:40', '2021-12-25 22:44:40'),
(924, NULL, 58, '2021-12-25 22:45:25', '2021-12-25 22:45:25'),
(925, NULL, 82, '2021-12-25 22:45:26', '2021-12-25 22:45:26'),
(926, NULL, 54, '2021-12-25 22:45:29', '2021-12-25 22:45:29'),
(927, NULL, 52, '2021-12-26 20:09:16', '2021-12-26 20:09:16'),
(928, NULL, 70, '2021-12-26 20:09:18', '2021-12-26 20:09:18'),
(929, NULL, 52, '2021-12-26 20:09:56', '2021-12-26 20:09:56'),
(930, NULL, 70, '2021-12-26 20:09:57', '2021-12-26 20:09:57'),
(931, NULL, 52, '2021-12-27 01:35:22', '2021-12-27 01:35:22'),
(932, NULL, 70, '2021-12-27 01:35:23', '2021-12-27 01:35:23'),
(933, NULL, 52, '2021-12-28 04:32:05', '2021-12-28 04:32:05'),
(934, NULL, 70, '2021-12-28 04:32:06', '2021-12-28 04:32:06'),
(935, NULL, 52, '2021-12-28 04:33:59', '2021-12-28 04:33:59'),
(936, NULL, 70, '2021-12-28 04:34:00', '2021-12-28 04:34:00'),
(937, NULL, 52, '2021-12-28 04:35:02', '2021-12-28 04:35:02'),
(938, NULL, 70, '2021-12-28 04:35:03', '2021-12-28 04:35:03'),
(939, NULL, 52, '2021-12-28 04:36:16', '2021-12-28 04:36:16'),
(940, NULL, 70, '2021-12-28 04:36:17', '2021-12-28 04:36:17'),
(941, NULL, 52, '2021-12-28 04:37:32', '2021-12-28 04:37:32'),
(942, NULL, 70, '2021-12-28 04:37:34', '2021-12-28 04:37:34'),
(943, NULL, 52, '2021-12-28 04:38:41', '2021-12-28 04:38:41'),
(944, NULL, 70, '2021-12-28 04:38:42', '2021-12-28 04:38:42'),
(945, NULL, 52, '2021-12-28 04:42:02', '2021-12-28 04:42:02'),
(946, NULL, 70, '2021-12-28 04:42:03', '2021-12-28 04:42:03');
INSERT INTO `category_statistics` (`id`, `user_id`, `category_id`, `created_at`, `updated_at`) VALUES
(947, NULL, 52, '2021-12-28 04:42:36', '2021-12-28 04:42:36'),
(948, NULL, 70, '2021-12-28 04:42:38', '2021-12-28 04:42:38'),
(949, NULL, 52, '2021-12-28 04:43:30', '2021-12-28 04:43:30'),
(950, NULL, 70, '2021-12-28 04:43:30', '2021-12-28 04:43:30'),
(951, NULL, 52, '2021-12-28 04:45:20', '2021-12-28 04:45:20'),
(952, NULL, 52, '2021-12-28 04:45:21', '2021-12-28 04:45:21'),
(953, NULL, 70, '2021-12-28 04:45:23', '2021-12-28 04:45:23'),
(954, NULL, 54, '2021-12-28 04:59:12', '2021-12-28 04:59:12'),
(955, NULL, 54, '2021-12-28 04:59:53', '2021-12-28 04:59:53'),
(956, NULL, 54, '2021-12-28 15:38:42', '2021-12-28 15:38:42'),
(957, NULL, 54, '2021-12-28 15:38:43', '2021-12-28 15:38:43'),
(958, NULL, 54, '2021-12-28 15:38:46', '2021-12-28 15:38:46'),
(959, NULL, 54, '2021-12-28 15:38:46', '2021-12-28 15:38:46'),
(960, NULL, 54, '2021-12-28 15:40:11', '2021-12-28 15:40:11'),
(961, NULL, 52, '2022-01-05 05:24:12', '2022-01-05 05:24:12'),
(962, NULL, 70, '2022-01-05 05:24:13', '2022-01-05 05:24:13'),
(963, NULL, 89, '2022-01-05 05:24:18', '2022-01-05 05:24:18'),
(964, NULL, 90, '2022-01-05 05:24:20', '2022-01-05 05:24:20'),
(965, NULL, 60, '2022-01-05 05:25:49', '2022-01-05 05:25:49'),
(966, NULL, 60, '2022-01-05 05:26:21', '2022-01-05 05:26:21'),
(967, NULL, 60, '2022-01-05 05:26:44', '2022-01-05 05:26:44'),
(968, NULL, 52, '2022-01-05 05:29:14', '2022-01-05 05:29:14'),
(969, NULL, 70, '2022-01-05 05:29:15', '2022-01-05 05:29:15'),
(970, NULL, 71, '2022-01-05 05:29:17', '2022-01-05 05:29:17'),
(971, NULL, 89, '2022-01-05 05:29:21', '2022-01-05 05:29:21'),
(972, NULL, 90, '2022-01-05 05:29:23', '2022-01-05 05:29:23'),
(973, NULL, 89, '2022-01-05 05:29:44', '2022-01-05 05:29:44'),
(974, NULL, 90, '2022-01-05 05:29:45', '2022-01-05 05:29:45'),
(975, NULL, 89, '2022-01-05 05:30:21', '2022-01-05 05:30:21'),
(976, NULL, 90, '2022-01-05 05:30:23', '2022-01-05 05:30:23'),
(977, NULL, 89, '2022-01-05 05:31:06', '2022-01-05 05:31:06'),
(978, NULL, 90, '2022-01-05 05:31:07', '2022-01-05 05:31:07'),
(979, NULL, 52, '2022-01-05 05:35:10', '2022-01-05 05:35:10'),
(980, NULL, 52, '2022-01-05 06:19:09', '2022-01-05 06:19:09'),
(981, NULL, 54, '2022-01-05 06:19:11', '2022-01-05 06:19:11'),
(982, NULL, 52, '2022-01-05 06:19:13', '2022-01-05 06:19:13'),
(983, NULL, 70, '2022-01-05 06:19:14', '2022-01-05 06:19:14'),
(984, NULL, 89, '2022-01-05 06:19:20', '2022-01-05 06:19:20'),
(985, NULL, 90, '2022-01-05 06:19:23', '2022-01-05 06:19:23'),
(986, NULL, 52, '2022-01-05 06:20:22', '2022-01-05 06:20:22'),
(987, NULL, 89, '2022-01-05 06:20:25', '2022-01-05 06:20:25'),
(988, NULL, 90, '2022-01-05 06:20:27', '2022-01-05 06:20:27'),
(989, NULL, 89, '2022-01-05 06:20:57', '2022-01-05 06:20:57'),
(990, NULL, 90, '2022-01-05 06:20:58', '2022-01-05 06:20:58'),
(991, NULL, 52, '2022-01-05 06:21:21', '2022-01-05 06:21:21'),
(992, NULL, 70, '2022-01-05 06:21:22', '2022-01-05 06:21:22'),
(993, NULL, 60, '2022-01-05 06:21:29', '2022-01-05 06:21:29'),
(994, NULL, 52, '2022-01-05 06:21:49', '2022-01-05 06:21:49'),
(995, NULL, 70, '2022-01-05 06:21:50', '2022-01-05 06:21:50'),
(996, NULL, 54, '2022-01-05 06:22:01', '2022-01-05 06:22:01'),
(997, NULL, 52, '2022-01-05 06:23:14', '2022-01-05 06:23:14'),
(998, NULL, 70, '2022-01-05 06:23:15', '2022-01-05 06:23:15'),
(999, NULL, 60, '2022-01-05 06:23:19', '2022-01-05 06:23:19'),
(1000, NULL, 87, '2022-01-05 06:23:26', '2022-01-05 06:23:26'),
(1001, NULL, 89, '2022-01-05 06:23:30', '2022-01-05 06:23:30'),
(1002, NULL, 90, '2022-01-05 06:23:31', '2022-01-05 06:23:31'),
(1003, NULL, 52, '2022-01-05 06:23:34', '2022-01-05 06:23:34'),
(1004, NULL, 70, '2022-01-05 06:23:35', '2022-01-05 06:23:35'),
(1005, NULL, 60, '2022-01-05 06:23:39', '2022-01-05 06:23:39'),
(1006, NULL, 52, '2022-01-08 00:51:02', '2022-01-08 00:51:02'),
(1007, NULL, 70, '2022-01-08 00:51:03', '2022-01-08 00:51:03'),
(1008, NULL, 89, '2022-01-08 00:51:07', '2022-01-08 00:51:07'),
(1009, NULL, 90, '2022-01-08 00:51:09', '2022-01-08 00:51:09'),
(1010, NULL, 52, '2022-01-08 00:52:14', '2022-01-08 00:52:14'),
(1011, NULL, 89, '2022-01-08 00:52:16', '2022-01-08 00:52:16'),
(1012, NULL, 90, '2022-01-08 00:52:17', '2022-01-08 00:52:17'),
(1013, NULL, 52, '2022-01-08 00:52:42', '2022-01-08 00:52:42'),
(1014, NULL, 70, '2022-01-08 00:52:45', '2022-01-08 00:52:45'),
(1015, NULL, 89, '2022-01-08 00:53:40', '2022-01-08 00:53:40'),
(1016, NULL, 90, '2022-01-08 00:53:40', '2022-01-08 00:53:40'),
(1017, NULL, 89, '2022-01-08 00:55:11', '2022-01-08 00:55:11'),
(1018, NULL, 90, '2022-01-08 00:55:12', '2022-01-08 00:55:12'),
(1019, NULL, 52, '2022-01-08 00:56:00', '2022-01-08 00:56:00'),
(1020, NULL, 71, '2022-01-08 00:56:01', '2022-01-08 00:56:01'),
(1021, NULL, 70, '2022-01-08 00:56:03', '2022-01-08 00:56:03'),
(1022, NULL, 52, '2022-01-08 00:58:30', '2022-01-08 00:58:30'),
(1023, NULL, 71, '2022-01-08 00:58:31', '2022-01-08 00:58:31'),
(1024, NULL, 70, '2022-01-08 00:58:33', '2022-01-08 00:58:33'),
(1025, NULL, 89, '2022-01-08 00:59:11', '2022-01-08 00:59:11'),
(1026, NULL, 90, '2022-01-08 00:59:12', '2022-01-08 00:59:12'),
(1027, NULL, 52, '2022-01-08 01:00:32', '2022-01-08 01:00:32'),
(1028, NULL, 89, '2022-01-08 01:00:34', '2022-01-08 01:00:34'),
(1029, NULL, 90, '2022-01-08 01:00:35', '2022-01-08 01:00:35'),
(1030, NULL, 52, '2022-01-08 21:29:29', '2022-01-08 21:29:29'),
(1031, NULL, 70, '2022-01-08 21:29:29', '2022-01-08 21:29:29'),
(1032, NULL, 89, '2022-01-08 21:29:35', '2022-01-08 21:29:35'),
(1033, NULL, 90, '2022-01-08 21:29:36', '2022-01-08 21:29:36'),
(1034, NULL, 54, '2022-01-08 22:03:48', '2022-01-08 22:03:48'),
(1035, NULL, 56, '2022-01-13 07:53:41', '2022-01-13 07:53:41'),
(1036, NULL, 76, '2022-01-13 07:53:42', '2022-01-13 07:53:42'),
(1037, NULL, 76, '2022-01-13 07:53:47', '2022-01-13 07:53:47'),
(1038, NULL, 77, '2022-01-13 07:53:57', '2022-01-13 07:53:57'),
(1039, NULL, 77, '2022-01-13 07:54:00', '2022-01-13 07:54:00'),
(1040, NULL, 76, '2022-01-13 07:54:14', '2022-01-13 07:54:14'),
(1041, NULL, 56, '2022-01-13 07:55:37', '2022-01-13 07:55:37'),
(1042, NULL, 76, '2022-01-13 07:55:38', '2022-01-13 07:55:38'),
(1043, NULL, 76, '2022-01-13 07:55:46', '2022-01-13 07:55:46'),
(1044, NULL, 76, '2022-01-13 07:55:51', '2022-01-13 07:55:51'),
(1045, NULL, 76, '2022-01-13 07:56:02', '2022-01-13 07:56:02'),
(1046, NULL, 89, '2022-01-13 07:57:36', '2022-01-13 07:57:36'),
(1047, NULL, 90, '2022-01-13 07:57:37', '2022-01-13 07:57:37'),
(1048, NULL, 56, '2022-01-13 08:00:45', '2022-01-13 08:00:45'),
(1049, NULL, 76, '2022-01-13 08:00:47', '2022-01-13 08:00:47'),
(1050, NULL, 55, '2022-01-13 08:03:24', '2022-01-13 08:03:24'),
(1051, NULL, 74, '2022-01-13 08:03:25', '2022-01-13 08:03:25'),
(1052, NULL, 52, '2022-01-13 08:06:06', '2022-01-13 08:06:06'),
(1053, NULL, 70, '2022-01-13 08:06:06', '2022-01-13 08:06:06'),
(1054, NULL, 89, '2022-01-13 08:06:17', '2022-01-13 08:06:17'),
(1055, NULL, 90, '2022-01-13 08:06:18', '2022-01-13 08:06:18'),
(1056, NULL, 55, '2022-01-13 08:13:22', '2022-01-13 08:13:22'),
(1057, NULL, 74, '2022-01-13 08:13:25', '2022-01-13 08:13:25'),
(1058, NULL, 75, '2022-01-13 08:13:28', '2022-01-13 08:13:28'),
(1059, NULL, 58, '2022-01-13 08:13:30', '2022-01-13 08:13:30'),
(1060, NULL, 81, '2022-01-13 08:13:31', '2022-01-13 08:13:31'),
(1061, NULL, 59, '2022-01-13 08:13:35', '2022-01-13 08:13:35'),
(1062, NULL, 61, '2022-01-13 08:13:40', '2022-01-13 08:13:40'),
(1063, NULL, 83, '2022-01-13 08:13:42', '2022-01-13 08:13:42'),
(1064, NULL, 84, '2022-01-13 08:13:58', '2022-01-13 08:13:58'),
(1065, NULL, 84, '2022-01-13 08:14:48', '2022-01-13 08:14:48'),
(1066, NULL, 89, '2022-01-13 08:14:52', '2022-01-13 08:14:52'),
(1067, NULL, 90, '2022-01-13 08:14:53', '2022-01-13 08:14:53'),
(1068, NULL, 61, '2022-01-13 08:15:05', '2022-01-13 08:15:05'),
(1069, NULL, 84, '2022-01-13 08:15:07', '2022-01-13 08:15:07'),
(1070, NULL, 61, '2022-01-13 08:17:21', '2022-01-13 08:17:21'),
(1071, NULL, 84, '2022-01-13 08:17:22', '2022-01-13 08:17:22'),
(1072, NULL, 83, '2022-01-13 08:17:32', '2022-01-13 08:17:32'),
(1073, NULL, 83, '2022-01-13 08:19:56', '2022-01-13 08:19:56'),
(1074, NULL, 52, '2022-01-17 06:06:33', '2022-01-17 06:06:33'),
(1075, NULL, 52, '2022-01-17 06:06:34', '2022-01-17 06:06:34'),
(1076, NULL, 70, '2022-01-17 06:06:35', '2022-01-17 06:06:35'),
(1077, NULL, 56, '2022-04-01 22:49:24', '2022-04-01 22:49:24'),
(1078, NULL, 56, '2022-04-01 22:49:25', '2022-04-01 22:49:25'),
(1079, NULL, 77, '2022-04-01 22:49:38', '2022-04-01 22:49:38'),
(1080, NULL, 52, '2022-04-01 22:51:50', '2022-04-01 22:51:50'),
(1081, NULL, 52, '2022-04-01 22:51:51', '2022-04-01 22:51:51'),
(1082, NULL, 71, '2022-04-01 22:51:55', '2022-04-01 22:51:55'),
(1083, NULL, 56, '2022-04-01 22:53:26', '2022-04-01 22:53:26'),
(1084, NULL, 56, '2022-04-01 22:53:27', '2022-04-01 22:53:27'),
(1085, NULL, 76, '2022-04-01 22:54:25', '2022-04-01 22:54:25'),
(1086, NULL, 56, '2022-04-01 22:59:35', '2022-04-01 22:59:35'),
(1087, NULL, 56, '2022-04-01 22:59:37', '2022-04-01 22:59:37'),
(1088, NULL, 56, '2022-04-01 22:59:37', '2022-04-01 22:59:37'),
(1089, NULL, 76, '2022-04-01 22:59:39', '2022-04-01 22:59:39'),
(1090, NULL, 56, '2022-04-01 23:03:42', '2022-04-01 23:03:42'),
(1091, NULL, 56, '2022-04-01 23:03:43', '2022-04-01 23:03:43'),
(1092, NULL, 56, '2022-04-01 23:03:44', '2022-04-01 23:03:44'),
(1093, NULL, 76, '2022-04-01 23:03:46', '2022-04-01 23:03:46'),
(1094, NULL, 89, '2022-04-01 23:08:29', '2022-04-01 23:08:29'),
(1095, NULL, 89, '2022-04-01 23:08:30', '2022-04-01 23:08:30'),
(1096, NULL, 89, '2022-04-01 23:08:31', '2022-04-01 23:08:31'),
(1097, NULL, 90, '2022-04-01 23:08:33', '2022-04-01 23:08:33'),
(1098, NULL, 89, '2022-04-01 23:14:21', '2022-04-01 23:14:21'),
(1099, NULL, 89, '2022-04-01 23:14:22', '2022-04-01 23:14:22'),
(1100, NULL, 89, '2022-04-01 23:14:23', '2022-04-01 23:14:23'),
(1101, NULL, 90, '2022-04-01 23:14:26', '2022-04-01 23:14:26'),
(1102, NULL, 58, '2022-05-12 02:51:07', '2022-05-12 02:51:07'),
(1103, NULL, 56, '2022-05-12 02:51:32', '2022-05-12 02:51:32'),
(1104, NULL, 76, '2022-05-12 02:51:33', '2022-05-12 02:51:33'),
(1105, NULL, 77, '2022-05-12 02:51:37', '2022-05-12 02:51:37'),
(1106, NULL, 52, '2022-05-12 02:51:48', '2022-05-12 02:51:48'),
(1107, NULL, 70, '2022-05-12 02:51:49', '2022-05-12 02:51:49'),
(1108, NULL, 89, '2022-05-12 02:51:55', '2022-05-12 02:51:55'),
(1109, NULL, 90, '2022-05-12 02:51:56', '2022-05-12 02:51:56'),
(1110, NULL, 52, '2022-05-12 03:27:49', '2022-05-12 03:27:49'),
(1111, NULL, 70, '2022-05-12 03:27:50', '2022-05-12 03:27:50'),
(1112, NULL, 70, '2022-05-12 03:28:29', '2022-05-12 03:28:29'),
(1113, NULL, 70, '2022-05-12 03:28:55', '2022-05-12 03:28:55'),
(1114, NULL, 71, '2022-05-12 03:29:04', '2022-05-12 03:29:04'),
(1115, NULL, 70, '2022-05-12 03:29:08', '2022-05-12 03:29:08'),
(1116, NULL, 52, '2022-05-12 03:31:58', '2022-05-12 03:31:58'),
(1117, NULL, 70, '2022-05-12 03:32:00', '2022-05-12 03:32:00'),
(1118, NULL, 52, '2022-05-12 03:36:13', '2022-05-12 03:36:13'),
(1119, NULL, 70, '2022-05-12 03:36:15', '2022-05-12 03:36:15'),
(1120, NULL, 52, '2022-05-28 06:13:17', '2022-05-28 06:13:17'),
(1121, NULL, 70, '2022-05-28 06:13:21', '2022-05-28 06:13:21'),
(1122, NULL, 52, '2022-05-28 06:36:35', '2022-05-28 06:36:35'),
(1123, NULL, 70, '2022-05-28 06:36:36', '2022-05-28 06:36:36'),
(1124, NULL, 71, '2022-05-28 06:36:42', '2022-05-28 06:36:42'),
(1125, NULL, 72, '2022-05-28 06:36:46', '2022-05-28 06:36:46'),
(1126, NULL, 89, '2022-05-28 06:36:52', '2022-05-28 06:36:52'),
(1127, NULL, 90, '2022-05-28 06:36:53', '2022-05-28 06:36:53'),
(1128, NULL, 87, '2022-05-28 06:37:03', '2022-05-28 06:37:03'),
(1129, NULL, 52, '2022-05-28 06:37:06', '2022-05-28 06:37:06'),
(1130, NULL, 73, '2022-05-28 06:37:08', '2022-05-28 06:37:08'),
(1131, NULL, 71, '2022-05-28 06:37:10', '2022-05-28 06:37:10'),
(1132, NULL, 52, '2022-05-28 06:37:14', '2022-05-28 06:37:14'),
(1133, NULL, 70, '2022-05-28 06:37:15', '2022-05-28 06:37:15'),
(1134, NULL, 52, '2022-05-28 06:40:36', '2022-05-28 06:40:36'),
(1135, NULL, 52, '2022-05-28 06:42:28', '2022-05-28 06:42:28'),
(1136, NULL, 70, '2022-05-28 06:42:29', '2022-05-28 06:42:29'),
(1137, NULL, 55, '2022-05-28 06:42:44', '2022-05-28 06:42:44'),
(1138, NULL, 74, '2022-05-28 06:42:45', '2022-05-28 06:42:45'),
(1139, NULL, 74, '2022-05-28 06:44:37', '2022-05-28 06:44:37'),
(1140, NULL, 74, '2022-05-28 06:45:40', '2022-05-28 06:45:40'),
(1141, NULL, 52, '2022-05-28 06:46:14', '2022-05-28 06:46:14'),
(1142, NULL, 70, '2022-05-28 06:46:15', '2022-05-28 06:46:15'),
(1143, NULL, 52, '2022-05-28 06:47:32', '2022-05-28 06:47:32'),
(1144, NULL, 70, '2022-05-28 06:47:33', '2022-05-28 06:47:33'),
(1145, NULL, 72, '2022-05-28 06:47:35', '2022-05-28 06:47:35'),
(1146, NULL, 73, '2022-05-28 06:47:37', '2022-05-28 06:47:37'),
(1147, NULL, 52, '2022-05-28 06:47:42', '2022-05-28 06:47:42'),
(1148, NULL, 70, '2022-05-28 06:47:43', '2022-05-28 06:47:43'),
(1149, NULL, 72, '2022-05-28 06:47:45', '2022-05-28 06:47:45'),
(1150, NULL, 55, '2022-05-28 06:47:49', '2022-05-28 06:47:49'),
(1151, NULL, 74, '2022-05-28 06:47:50', '2022-05-28 06:47:50'),
(1152, NULL, 57, '2022-05-28 06:48:27', '2022-05-28 06:48:27'),
(1153, NULL, 61, '2022-05-28 06:48:41', '2022-05-28 06:48:41'),
(1154, NULL, 83, '2022-05-28 06:48:45', '2022-05-28 06:48:45'),
(1155, NULL, 84, '2022-05-28 06:48:49', '2022-05-28 06:48:49');

-- --------------------------------------------------------

--
-- Table structure for table `cities`
--

CREATE TABLE `cities` (
  `id` int(10) UNSIGNED NOT NULL,
  `country_id` int(10) UNSIGNED NOT NULL,
  `name_ar` varchar(191) COLLATE utf8mb4_unicode_ci NOT NULL,
  `name_en` varchar(191) COLLATE utf8mb4_unicode_ci NOT NULL,
  `is_deleted` tinyint(4) NOT NULL DEFAULT '0',
  `created_at` timestamp NULL DEFAULT NULL,
  `updated_at` timestamp NULL DEFAULT NULL
) ENGINE=InnoDB DEFAULT CHARSET=utf8mb4 COLLATE=utf8mb4_unicode_ci;

--
-- Dumping data for table `cities`
--

INSERT INTO `cities` (`id`, `country_id`, `name_ar`, `name_en`, `is_deleted`, `created_at`, `updated_at`) VALUES
(1, 1, 'القاهرة', 'Cairo', 0, '2021-06-10 07:39:12', '2021-06-10 07:39:12'),
(2, 1, 'أسيوط', 'Asyut', 1, '2021-06-10 07:39:22', '2021-10-12 01:11:11'),
(3, 2, 'جدة', 'Jedda', 1, '2021-06-10 07:39:33', '2021-10-12 01:12:07'),
(4, 1, 'الأسكندرية', 'Alexandria', 0, '2021-10-12 01:11:35', '2021-10-12 01:11:35');

-- --------------------------------------------------------

--
-- Table structure for table `clients`
--

CREATE TABLE `clients` (
  `id` int(10) UNSIGNED NOT NULL,
  `user_id` int(10) UNSIGNED NOT NULL,
  `wedding_date` datetime DEFAULT NULL,
  `partner_name` varchar(191) COLLATE utf8mb4_unicode_ci DEFAULT NULL,
  `created_at` timestamp NULL DEFAULT NULL,
  `updated_at` timestamp NULL DEFAULT NULL
) ENGINE=InnoDB DEFAULT CHARSET=utf8mb4 COLLATE=utf8mb4_unicode_ci;

--
-- Dumping data for table `clients`
--

INSERT INTO `clients` (`id`, `user_id`, `wedding_date`, `partner_name`, `created_at`, `updated_at`) VALUES
(6, 41, '2022-05-12 20:00:00', NULL, '2021-11-19 06:13:26', '2021-11-19 06:13:26'),
(7, 46, '2022-01-01 20:00:00', NULL, '2021-11-20 02:02:09', '2021-12-25 20:50:18'),
(8, 45, '2024-11-19 20:00:00', NULL, '2021-11-20 02:06:35', '2021-11-20 02:06:35'),
(9, 59, '2022-05-20 20:00:00', NULL, '2021-11-20 20:46:26', '2021-11-20 20:46:26'),
(10, 60, '2023-11-25 20:00:00', NULL, '2021-11-26 01:39:03', '2021-11-26 01:39:03'),
(11, 82, '2022-01-17 20:00:00', NULL, '2022-01-08 21:27:11', '2022-01-08 21:27:11');

-- --------------------------------------------------------

--
-- Table structure for table `countries`
--

CREATE TABLE `countries` (
  `id` int(10) UNSIGNED NOT NULL,
  `name_ar` varchar(191) COLLATE utf8mb4_unicode_ci NOT NULL,
  `name_en` varchar(191) COLLATE utf8mb4_unicode_ci NOT NULL,
  `is_deleted` tinyint(4) NOT NULL DEFAULT '0',
  `created_at` timestamp NULL DEFAULT NULL,
  `updated_at` timestamp NULL DEFAULT NULL
) ENGINE=InnoDB DEFAULT CHARSET=utf8mb4 COLLATE=utf8mb4_unicode_ci;

--
-- Dumping data for table `countries`
--

INSERT INTO `countries` (`id`, `name_ar`, `name_en`, `is_deleted`, `created_at`, `updated_at`) VALUES
(1, 'مصر', 'Egypt', 0, '2021-06-10 07:35:41', '2021-06-10 07:35:41'),
(2, 'السعودية', 'Saudi Arabia', 1, '2021-06-10 07:35:52', '2021-10-12 01:11:50');

-- --------------------------------------------------------

--
-- Table structure for table `edit_requests`
--

CREATE TABLE `edit_requests` (
  `id` int(10) UNSIGNED NOT NULL,
  `user_id` int(10) UNSIGNED NOT NULL,
  `name` varchar(191) COLLATE utf8mb4_unicode_ci DEFAULT NULL,
  `phone` varchar(191) COLLATE utf8mb4_unicode_ci DEFAULT NULL,
  `email` varchar(191) COLLATE utf8mb4_unicode_ci DEFAULT NULL,
  `city_id` int(10) UNSIGNED DEFAULT NULL,
  `biography` varchar(255) COLLATE utf8mb4_unicode_ci DEFAULT NULL,
  `category_questions` varchar(255) COLLATE utf8mb4_unicode_ci DEFAULT NULL,
  `from_price` decimal(8,2) DEFAULT NULL,
  `to_price` decimal(8,2) DEFAULT NULL,
  `website` varchar(191) COLLATE utf8mb4_unicode_ci DEFAULT NULL,
  `instagram` varchar(191) COLLATE utf8mb4_unicode_ci DEFAULT NULL,
  `facebook` varchar(191) COLLATE utf8mb4_unicode_ci DEFAULT NULL,
  `locations` text COLLATE utf8mb4_unicode_ci,
  `status` enum('approved','refused','pending') COLLATE utf8mb4_unicode_ci NOT NULL,
  `created_at` timestamp NULL DEFAULT NULL,
  `updated_at` timestamp NULL DEFAULT NULL
) ENGINE=InnoDB DEFAULT CHARSET=utf8mb4 COLLATE=utf8mb4_unicode_ci;

--
-- Dumping data for table `edit_requests`
--

INSERT INTO `edit_requests` (`id`, `user_id`, `name`, `phone`, `email`, `city_id`, `biography`, `category_questions`, `from_price`, `to_price`, `website`, `instagram`, `facebook`, `locations`, `status`, `created_at`, `updated_at`) VALUES
(20, 39, NULL, NULL, NULL, NULL, NULL, NULL, NULL, NULL, NULL, NULL, NULL, '[{\"name\":\"موقع الشركة\",\"location\":\"www.company.com\"},{\"name\":\"موقع المنزل\",\"location\":\"www.home.com\"},{\"name\":\"موقع النادى \",\"location\":\"www.club.com\"}]', 'approved', '2021-11-16 13:24:04', '2021-11-16 13:36:53'),
(22, 39, NULL, NULL, NULL, NULL, NULL, NULL, NULL, NULL, NULL, NULL, NULL, '[{\"name\":\"موقع الشركة\",\"location\":\"www.company.com\"},{\"name\":\"موقع المنزل\",\"location\":\"www.home.com\"},{\"name\":\"www\",\"location\":\"aaaaaaaaaa\"}]', 'approved', '2021-11-16 23:05:07', '2021-11-16 23:05:31'),
(23, 39, NULL, NULL, NULL, NULL, NULL, NULL, NULL, NULL, NULL, NULL, NULL, '[{\"name\":\"موقع الشركة\",\"location\":\"www.company.com\"},{\"name\":\"موقع المنزل\",\"location\":\"www.home.com\"}]', 'approved', '2021-11-16 23:05:46', '2021-11-16 23:05:53'),
(29, 44, NULL, NULL, NULL, NULL, NULL, NULL, NULL, NULL, 'Hhhhhh', 'Hhhh', 'Hhhh', '[{\"name\":\"Hhh\",\"location\":\"Bbbbbb\"},{\"name\":\"Hhhh\",\"location\":\"Nbbbbh\"}]', 'approved', '2021-11-19 23:51:23', '2021-11-19 23:51:40'),
(30, 55, NULL, NULL, NULL, NULL, NULL, NULL, NULL, NULL, NULL, NULL, NULL, '[{\"name\":\"المنزل\",\"location\":\"www.home.com\"},{\"name\":\"العمل\",\"location\":\"www.work.com\"}]', 'approved', '2021-11-20 07:48:52', '2021-11-20 07:49:06'),
(31, 55, NULL, NULL, NULL, NULL, NULL, NULL, NULL, NULL, NULL, NULL, NULL, '[{\"name\":\"المنزل\",\"location\":\"www.home.com\"}]', 'approved', '2021-11-20 07:49:31', '2021-11-20 07:49:44'),
(32, 55, NULL, NULL, NULL, NULL, NULL, NULL, NULL, NULL, NULL, NULL, NULL, '[{\"name\":\"المنزل\",\"location\":\"www.home.com\"},{\"name\":\"work\",\"location\":\"wkookdoasd\"}]', 'refused', '2021-11-20 07:50:08', '2021-11-20 07:50:21'),
(33, 39, NULL, NULL, NULL, NULL, NULL, NULL, 123121.00, 3123.00, NULL, NULL, NULL, '[{\"name\":\"موقع الشركة\",\"location\":\"www.company.com\"},{\"name\":\"موقع المنزل\",\"location\":\"www.home.com\"}]', 'approved', '2021-11-20 08:02:10', '2021-11-20 08:03:02'),
(34, 39, NULL, NULL, NULL, NULL, NULL, NULL, NULL, NULL, NULL, NULL, NULL, '[{\"name\":\"موقع الشركة\",\"location\":\"www.company.com\"},{\"name\":\"موقع المنزل\",\"location\":\"www.home.com\"}]', 'approved', '2021-11-20 08:05:01', '2021-11-20 08:05:18'),
(37, 39, NULL, NULL, NULL, NULL, NULL, NULL, NULL, NULL, NULL, NULL, NULL, '[{\"name\":\"موقع الشركة\",\"location\":\"www.company.com\"},{\"name\":\"موقع المنزل\",\"location\":\"www.home.com\"}]', 'approved', '2021-11-20 08:09:46', '2021-11-20 08:10:00'),
(39, 58, NULL, NULL, 'Ahmed@jewelry.com', NULL, NULL, NULL, NULL, NULL, NULL, 'Instagram.com/mothepharoh', 'Facebook/mothepharoh', '[{\"name\":\"Nasr City Branch\",\"location\":\"https://maps.app.goo.gl/ys4CcTm72phT6QsA8\"},{\"name\":\"Maadi Branch\",\"location\":\"https://maps.app.goo.gl/ewh9fhfwRxHaECmaA\"}]', 'approved', '2021-11-20 21:34:24', '2021-11-20 21:35:20'),
(43, 39, NULL, NULL, NULL, NULL, NULL, NULL, NULL, NULL, NULL, NULL, NULL, '[{\"name\":\"موقع الشركة\",\"location\":\"www.company.com\"},{\"name\":\"موقع المنزل\",\"location\":\"www.home.com\"}]', 'approved', '2021-11-20 21:47:25', '2021-11-20 21:47:56'),
(49, 62, NULL, NULL, NULL, NULL, NULL, '{\"veil_designer\":\"1\"}', NULL, NULL, NULL, NULL, NULL, '[{\"name\":\"Nasr cuity branch\",\"location\":\"Xuz\"}]', 'approved', '2021-11-26 01:49:40', '2021-11-26 01:50:12'),
(52, 47, 'jhgjh', NULL, NULL, 2, 'mkdmkdmk', '{\"capacity_range\":\"10-40\"}', 20.00, 25.00, NULL, NULL, NULL, '[\"https://www.google.com/maps/@31.0455008,31.3847413,17z\" ,\"https://www.google.com/maps/@31.0455008,31.3847413,17z\" , \"https://www.google.com/maps/@31.0455008,31.3847413,17z\"]', 'refused', '2021-11-27 10:05:27', '2021-11-27 10:14:57'),
(56, 55, NULL, NULL, NULL, NULL, NULL, '{\"diamond\":\"0\",\"gold\":\"0\"}', NULL, NULL, NULL, NULL, NULL, '[{\"name\":\"المنزل\",\"location\":\"www.home.com\"}]', 'approved', '2021-11-28 04:57:41', '2021-11-28 04:57:52'),
(59, 55, NULL, NULL, NULL, NULL, NULL, '{\"diamond\":1,\"gold\":0}', NULL, NULL, NULL, NULL, NULL, '[{\"name\":\"المنزل\",\"location\":\"www.home.com\"}]', 'approved', '2021-11-28 05:19:15', '2021-11-28 05:19:24'),
(60, 55, NULL, NULL, NULL, NULL, NULL, '{\"diamond\":1,\"gold\":1}', NULL, NULL, NULL, NULL, NULL, '[{\"name\":\"المنزل\",\"location\":\"www.home.com\"}]', 'approved', '2021-11-28 05:19:31', '2021-11-28 05:19:49'),
(61, 55, NULL, NULL, NULL, NULL, NULL, '{\"diamond\":0,\"gold\":1}', NULL, NULL, NULL, NULL, NULL, '[{\"name\":\"المنزل\",\"location\":\"www.home.com\"}]', 'approved', '2021-11-28 05:19:56', '2021-11-28 05:20:01'),
(62, 55, NULL, NULL, NULL, NULL, NULL, '{\"diamond\":1,\"gold\":1}', NULL, NULL, NULL, NULL, NULL, '[{\"name\":\"المنزل\",\"location\":\"www.home.com\"}]', 'approved', '2021-11-28 05:20:39', '2021-11-28 05:20:44'),
(63, 39, NULL, NULL, NULL, NULL, NULL, '{\"capacity_range\":\"678\"}', NULL, NULL, NULL, NULL, NULL, '[{\"name\":\"موقع الشركة\",\"location\":\"www.company.com\"},{\"name\":\"موقع المنزل\",\"location\":\"www.home.com\"}]', '', '2021-11-28 06:00:50', '2021-11-30 08:01:46'),
(64, 64, NULL, NULL, NULL, NULL, NULL, '{\"diamond\":0,\"gold\":1}', NULL, NULL, NULL, NULL, NULL, '[{\"name\":\"Nasr city Branch \",\"location\":\"Google.com\"}]', 'approved', '2021-11-30 08:06:06', '2021-11-30 08:08:11'),
(65, 64, NULL, NULL, NULL, NULL, NULL, '{\"diamond\":1,\"gold\":0}', NULL, NULL, NULL, NULL, NULL, '[{\"name\":\"Nasr city Branch \",\"location\":\"Google.com\"}]', 'approved', '2021-11-30 08:39:03', '2021-11-30 08:40:30'),
(66, 66, NULL, NULL, NULL, NULL, NULL, '{\"capacity_range\":500}', NULL, NULL, NULL, NULL, 'www.facebook.com', '[]', 'approved', '2021-11-30 08:39:21', '2021-12-12 04:43:56'),
(67, 64, NULL, NULL, NULL, NULL, NULL, '{\"diamond\":1,\"gold\":0}', NULL, NULL, NULL, NULL, 'Google.com', '[{\"name\":\"Nasr city Branch \",\"location\":\"Google.com\"}]', 'approved', '2021-11-30 09:09:48', '2021-11-30 09:10:02'),
(68, 64, NULL, NULL, NULL, NULL, NULL, '{\"diamond\":0,\"gold\":1}', NULL, NULL, NULL, NULL, NULL, '[{\"name\":\"Nasr city Branch \",\"location\":\"Google.com\"}]', '', '2021-11-30 09:10:37', '2021-12-01 04:17:33'),
(69, 64, NULL, NULL, NULL, NULL, NULL, '{\"diamond\":0,\"gold\":1}', NULL, NULL, NULL, 'Instagram.com', NULL, '[{\"name\":\"Nasr city Branch \",\"location\":\"Google.com\"}]', 'approved', '2021-11-30 09:11:01', '2021-11-30 09:11:09'),
(70, 68, NULL, NULL, NULL, NULL, NULL, '{\"capacity_range\":600}', NULL, NULL, NULL, NULL, 'Test', '[]', 'approved', '2021-12-01 04:21:55', '2021-12-01 04:23:15'),
(71, 69, NULL, NULL, NULL, NULL, NULL, '{\"videographer\":1}', NULL, NULL, 'www.facebook.com', NULL, 'Facebook.com/mothepharoh', '[{\"name\":\"Nasr city\",\"location\":\"Carrefour Market\\nhttps://maps.app.goo.gl/ayLs6HjeSFF8nRcb9\"},{\"name\":\"Maadi Branch\",\"location\":\"El Deeb For Cars Maintenance\\n0112 884 5527\\nhttps://maps.app.goo.gl/MgTr8wr78bsJ1m1D6\"}]', 'approved', '2021-12-10 18:21:37', '2021-12-10 18:43:26'),
(72, 70, NULL, NULL, NULL, NULL, NULL, '{\"diamond\":0,\"gold\":1}', NULL, NULL, NULL, NULL, NULL, '[]', 'approved', '2021-12-10 20:03:23', '2021-12-10 20:03:38'),
(73, 70, NULL, NULL, NULL, NULL, NULL, '{\"diamond\":0,\"gold\":1}', NULL, NULL, NULL, NULL, NULL, '[]', 'approved', '2021-12-10 20:04:04', '2021-12-10 20:04:12'),
(74, 70, NULL, NULL, NULL, NULL, NULL, '{\"diamond\":1,\"gold\":0}', NULL, NULL, NULL, NULL, NULL, '[]', 'approved', '2021-12-10 20:05:13', '2021-12-10 20:05:32'),
(75, 55, NULL, NULL, NULL, NULL, NULL, '{\"diamond\":0,\"gold\":1}', NULL, NULL, NULL, NULL, NULL, '[{\"name\":\"المنزل\",\"location\":\"www.home.com\"}]', 'approved', '2021-12-12 04:59:03', '2021-12-12 04:59:50'),
(76, 74, NULL, NULL, NULL, NULL, NULL, '{\"offering_meals\":1}', NULL, NULL, 'www.egybell.com', 'Instagram.com/mo_afifi/', 'Facebook.com/mothepharoh', '[]', 'approved', '2021-12-15 05:55:20', '2021-12-15 05:55:36'),
(77, 79, NULL, NULL, NULL, NULL, NULL, '{\"offering_sweets\":1}', NULL, NULL, 'www.egybell.com', 'Facebook.com/mothepharoh', 'Facebook.com/mothepharoh', '[]', 'approved', '2021-12-24 01:48:37', '2021-12-24 01:53:08'),
(80, 80, NULL, NULL, NULL, NULL, NULL, '{\"diamond\":1,\"gold\":1}', NULL, NULL, NULL, NULL, NULL, '[]', 'pending', '2021-12-24 07:56:45', '2021-12-24 07:56:45'),
(81, 81, NULL, NULL, NULL, NULL, NULL, '{\"diamond\":0,\"gold\":1}', NULL, NULL, NULL, NULL, 'Https://www.facebook.com/mothepharoh', '[]', 'pending', '2022-01-08 21:23:08', '2022-01-08 21:23:08'),
(82, 84, NULL, NULL, NULL, NULL, NULL, '{\"videographer\":1}', NULL, NULL, NULL, NULL, 'Facebook.con', '[]', 'pending', '2022-01-13 07:59:28', '2022-01-13 07:59:28'),
(83, 87, NULL, NULL, NULL, NULL, NULL, '{\"capacity_range\":50}', NULL, NULL, NULL, NULL, NULL, '[]', 'pending', '2022-01-17 05:57:11', '2022-01-17 05:57:11'),
(84, 89, NULL, NULL, NULL, NULL, NULL, '{\"videographer\":0}', NULL, NULL, NULL, NULL, NULL, '[]', 'approved', '2022-04-01 22:55:46', '2022-04-01 22:56:05'),
(85, 89, NULL, NULL, NULL, NULL, NULL, '{\"videographer\":1}', NULL, NULL, NULL, NULL, NULL, '[]', 'approved', '2022-04-01 23:00:34', '2022-04-01 23:00:44'),
(86, 90, NULL, NULL, NULL, NULL, NULL, '{\"diamond\":0,\"gold\":1}', NULL, NULL, NULL, NULL, NULL, '[]', 'approved', '2022-04-01 23:13:34', '2022-04-01 23:13:42'),
(87, 93, NULL, NULL, NULL, NULL, NULL, '{\"capacity_range\":320}', NULL, NULL, NULL, NULL, NULL, '[{\"name\":\"New Cairo Branch\",\"location\":\"https://maps.app.goo.gl/k8h8Se3x7hB5FY6MA\"}]', 'pending', '2022-05-12 03:03:42', '2022-05-12 03:03:42'),
(88, 103, NULL, NULL, NULL, NULL, NULL, '{\"veil_designer\":0}', NULL, NULL, NULL, NULL, NULL, '[]', 'pending', '2022-05-28 06:41:40', '2022-05-28 06:41:40');

-- --------------------------------------------------------

--
-- Table structure for table `locations`
--

CREATE TABLE `locations` (
  `id` int(10) UNSIGNED NOT NULL,
  `created_at` timestamp NULL DEFAULT NULL,
  `updated_at` timestamp NULL DEFAULT NULL
) ENGINE=InnoDB DEFAULT CHARSET=utf8mb4 COLLATE=utf8mb4_unicode_ci;

-- --------------------------------------------------------

--
-- Table structure for table `memberships`
--

CREATE TABLE `memberships` (
  `id` int(10) UNSIGNED NOT NULL,
  `features_ar` text COLLATE utf8mb4_unicode_ci NOT NULL,
  `features_en` text COLLATE utf8mb4_unicode_ci NOT NULL,
  `price` int(11) DEFAULT NULL,
  `discount` int(11) DEFAULT NULL,
  `duration` int(11) DEFAULT NULL,
  `image` varchar(191) COLLATE utf8mb4_unicode_ci DEFAULT NULL,
  `type` enum('basic','pro','vip','free') COLLATE utf8mb4_unicode_ci NOT NULL,
  `is_active` tinyint(4) NOT NULL DEFAULT '1',
  `created_at` timestamp NULL DEFAULT NULL,
  `updated_at` timestamp NULL DEFAULT NULL
) ENGINE=InnoDB DEFAULT CHARSET=utf8mb4 COLLATE=utf8mb4_unicode_ci;

--
-- Dumping data for table `memberships`
--

INSERT INTO `memberships` (`id`, `features_ar`, `features_en`, `price`, `discount`, `duration`, `image`, `type`, `is_active`, `created_at`, `updated_at`) VALUES
(4, '[\"\\u0623\\u0648\\u0644 \\u062a\\u0631\\u062a\\u064a\\u0628 \\u0627\\u0644\\u0642\\u0627\\u0626\\u0645\\u0629\",\"\\u062f\\u0639\\u0645 24\\/7\",\"\\u062a\\u062d\\u0644\\u064a\\u0644\\u0627\\u062a \\u0627\\u0644\\u0627\\u062f\\u0627\\u0621\",\"\\u0645\\u0644\\u0641 \\u0634\\u062e\\u0635\\u064a \\u0645\\u0645\\u064a\\u0632\"]', '[\"Basic Tier Listing\",\"24\\/7 Support\",\"Profile Analytics\",\"Unique Profile\"]', NULL, NULL, 30, NULL, 'free', 1, '2021-06-10 07:35:25', '2021-10-11 21:34:24'),
(5, '[\"\\u0627\\u062e\\u0631 \\u062a\\u0631\\u062a\\u064a\\u0628 \\u0627\\u0644\\u0642\\u0627\\u0626\\u0645\\u0629\",\"\\u062a\\u062d\\u0644\\u064a\\u0644\\u0627\\u062a \\u0627\\u0644\\u0627\\u062f\\u0627\\u0621\",\"\\u062f\\u0639\\u0645 24\\/7\",\"\\u0645\\u0644\\u0641 \\u0634\\u062e\\u0635\\u064a \\u0645\\u0645\\u064a\\u0632\"]', '[\"Basic Tier Listing\",\"Profile Analytics\",\"24\\/7 Support\",\"Unique Profile\"]', 140, 0, NULL, 'uploads/memberships/IMG_936471634176325.png', 'basic', 1, '2021-06-10 06:56:51', '2021-12-10 20:51:03'),
(6, '[\"\\u0633\\u064a\\u0634\\u0646 \\u062a\\u0635\\u0648\\u064a\\u0631\",\"\\u0641\\u064a\\u062f\\u064a\\u0648 \\u0633\\u064a\\u0634\\u0646\"]', '[\"Photo session\",\"Video session\"]', 150, 20, NULL, 'uploads/memberships/IMG_97941623365129.png', 'pro', 1, '2021-06-10 07:11:08', '2021-06-10 07:11:08'),
(7, '[\"\\u0633\\u064a\\u0634\\u0646 \\u062a\\u0635\\u0648\\u064a\\u0631\",\"\\u0641\\u064a\\u062f\\u064a\\u0648 \\u0633\\u064a\\u0634\\u0646\",\"\\u0645\\u064a\\u0643\\u0628\"]', '[\"Photo session\",\"Video session\",\"Make up\"]', 200, 40, NULL, 'uploads/memberships/IMG_305681623324940.png', 'vip', 1, '2021-06-10 07:20:58', '2021-06-10 07:20:58'),
(8, '[\"\\u0627\\u062e\\u0631 \\u062a\\u0631\\u062a\\u064a\\u0628 \\u0627\\u0644\\u0642\\u0627\\u0626\\u0645\\u0629\"]', '[\"Video session\"]', 350, 20, NULL, NULL, 'basic', 1, '2022-05-19 03:22:11', '2022-05-19 03:22:11');

-- --------------------------------------------------------

--
-- Table structure for table `migrations`
--

CREATE TABLE `migrations` (
  `id` int(10) UNSIGNED NOT NULL,
  `migration` varchar(191) COLLATE utf8mb4_unicode_ci NOT NULL,
  `batch` int(11) NOT NULL
) ENGINE=InnoDB DEFAULT CHARSET=utf8mb4 COLLATE=utf8mb4_unicode_ci;

--
-- Dumping data for table `migrations`
--

INSERT INTO `migrations` (`id`, `migration`, `batch`) VALUES
(1, '2016_06_01_000001_create_oauth_auth_codes_table', 1),
(2, '2016_06_01_000002_create_oauth_access_tokens_table', 1),
(3, '2016_06_01_000003_create_oauth_refresh_tokens_table', 1),
(4, '2016_06_01_000004_create_oauth_clients_table', 1),
(5, '2016_06_01_000005_create_oauth_personal_access_clients_table', 1),
(6, '2019_10_05_014321_create_countries_table', 1),
(7, '2019_10_05_014334_create_cities_table', 1),
(8, '2019_10_08_111020_create_users_table', 1),
(9, '2020_11_27_030655_create_settings_table', 1),
(10, '2021_05_05_014205_create_permissions_table', 1),
(11, '2021_05_05_014227_create_permission_groups_table', 1),
(12, '2021_05_05_014302_create_memberships_table', 1),
(13, '2021_05_05_014400_create_categories_table', 1),
(14, '2021_05_05_014532_create_edit_requests_table', 1),
(15, '2021_05_05_014548_create_vendors_table', 1),
(16, '2021_05_05_014602_create_locations_table', 1),
(17, '2021_05_05_014617_create_reviews_table', 1),
(18, '2021_05_05_014630_create_packages_table', 1),
(19, '2021_05_05_014643_create_clients_table', 1),
(20, '2021_05_05_014659_create_statistics_table', 1),
(21, '2021_06_05_021644_create_notifications_table', 1);

-- --------------------------------------------------------

--
-- Table structure for table `notifications`
--

CREATE TABLE `notifications` (
  `id` int(10) UNSIGNED NOT NULL,
  `title_ar` varchar(191) COLLATE utf8mb4_unicode_ci NOT NULL,
  `title_en` varchar(191) COLLATE utf8mb4_unicode_ci NOT NULL,
  `message_ar` text COLLATE utf8mb4_unicode_ci NOT NULL,
  `message_en` text COLLATE utf8mb4_unicode_ci NOT NULL,
  `user_id` int(10) UNSIGNED NOT NULL,
  `read` int(11) NOT NULL DEFAULT '0',
  `created_at` timestamp NULL DEFAULT NULL,
  `updated_at` timestamp NULL DEFAULT NULL
) ENGINE=InnoDB DEFAULT CHARSET=utf8mb4 COLLATE=utf8mb4_unicode_ci;

--
-- Dumping data for table `notifications`
--

INSERT INTO `notifications` (`id`, `title_ar`, `title_en`, `message_ar`, `message_en`, `user_id`, `read`, `created_at`, `updated_at`) VALUES
(118, 'hii', 'hii', 'iiiiiiiiii', 'iii', 39, 1, '2021-11-17 16:23:48', '2021-11-17 17:35:53'),
(119, 'شسي', 'شسي', 'شسيشسي', 'شسيشسي', 39, 1, '2021-11-17 16:25:56', '2021-11-17 17:35:53'),
(120, 'test', 'test', 'test', 'test', 39, 1, '2021-11-17 17:22:51', '2021-11-17 17:35:53'),
(121, 'test', 'test', 'test', 'test', 39, 1, '2021-11-17 17:35:12', '2021-11-17 17:35:53'),
(122, 'تجربة الإرسال', 'تجربة الإرسال', 'تجربة الإرسال', 'تجربة الإرسال', 39, 1, '2021-11-17 17:36:22', '2021-11-17 17:37:22'),
(123, 'تفعيل الحساب', 'account approval', 'لقد تم تفعيل حسابك', 'your account has been approved', 66, 0, '2021-11-30 08:38:10', '2021-11-30 08:38:10'),
(124, 'Hi', 'Hi', 'Hi', 'Hi', 47, 0, '2021-11-30 08:48:10', '2021-11-30 08:48:10'),
(125, 'Hi', 'Hi', 'Hi', 'Hi', 55, 0, '2021-11-30 08:48:10', '2021-11-30 08:48:10'),
(126, 'Hi', 'Hi', 'Hi', 'Hi', 58, 0, '2021-11-30 08:48:10', '2021-11-30 08:48:10'),
(127, 'Hi', 'Hi', 'Hi', 'Hi', 63, 0, '2021-11-30 08:48:10', '2021-11-30 08:48:10'),
(128, 'Hi', 'Hi', 'Hi', 'Hi', 64, 1, '2021-11-30 08:48:11', '2021-11-30 08:58:20'),
(129, 'تفعيل الحساب', 'account approval', 'لقد تم تفعيل حسابك', 'your account has been approved', 68, 0, '2021-12-01 04:21:20', '2021-12-01 04:21:20'),
(130, 'تفعيل الحساب', 'account approval', 'لقد تم تفعيل حسابك', 'your account has been approved', 69, 1, '2021-12-10 18:17:31', '2021-12-10 18:25:12'),
(131, 'تفعيل الحساب', 'account approval', 'لقد تم تفعيل حسابك', 'your account has been approved', 70, 1, '2021-12-10 20:00:25', '2021-12-10 20:41:23'),
(132, 'تفعيل الحساب', 'account approval', 'لقد تم تفعيل حسابك', 'your account has been approved', 74, 0, '2021-12-15 05:50:20', '2021-12-15 05:50:20'),
(133, 'تفعيل الحساب', 'account approval', 'لقد تم تفعيل حسابك', 'your account has been approved', 77, 1, '2021-12-18 11:55:56', '2021-12-26 20:09:37'),
(134, 'تفعيل الحساب', 'account approval', 'لقد تم تفعيل حسابك', 'your account has been approved', 78, 0, '2021-12-18 12:07:07', '2021-12-18 12:07:07'),
(135, 'تفعيل الحساب', 'account approval', 'لقد تم تفعيل حسابك', 'your account has been approved', 79, 0, '2021-12-23 21:09:13', '2021-12-23 21:09:13'),
(136, 'تفعيل الحساب', 'account approval', 'لقد تم تفعيل حسابك', 'your account has been approved', 80, 0, '2021-12-24 07:55:54', '2021-12-24 07:55:54'),
(137, 'تفعيل الحساب', 'account approval', 'لقد تم تفعيل حسابك', 'your account has been approved', 81, 1, '2022-01-08 21:16:54', '2022-01-08 21:21:28'),
(138, 'تفعيل الحساب', 'account approval', 'لقد تم تفعيل حسابك', 'your account has been approved', 84, 0, '2022-01-13 07:52:56', '2022-01-13 07:52:56'),
(139, 'تفعيل الحساب', 'account approval', 'لقد تم تفعيل حسابك', 'your account has been approved', 85, 0, '2022-01-13 08:02:32', '2022-01-13 08:02:32'),
(140, 'تفعيل الحساب', 'account approval', 'لقد تم تفعيل حسابك', 'your account has been approved', 86, 0, '2022-01-13 08:16:34', '2022-01-13 08:16:34'),
(141, 'تفعيل الحساب', 'account approval', 'لقد تم تفعيل حسابك', 'your account has been approved', 87, 0, '2022-01-17 05:34:40', '2022-01-17 05:34:40'),
(142, 'تفعيل الحساب', 'account approval', 'لقد تم تفعيل حسابك', 'your account has been approved', 88, 0, '2022-04-01 22:35:45', '2022-04-01 22:35:45'),
(143, 'تفعيل الحساب', 'account approval', 'لقد تم تفعيل حسابك', 'your account has been approved', 89, 0, '2022-04-01 22:45:29', '2022-04-01 22:45:29'),
(144, 'تفعيل الحساب', 'account approval', 'لقد تم تفعيل حسابك', 'your account has been approved', 90, 0, '2022-04-01 23:05:47', '2022-04-01 23:05:47'),
(145, 'تفعيل الحساب', 'account approval', 'لقد تم تفعيل حسابك', 'your account has been approved', 91, 0, '2022-05-12 01:28:17', '2022-05-12 01:28:17'),
(146, 'تفعيل الحساب', 'account approval', 'لقد تم تفعيل حسابك', 'your account has been approved', 93, 0, '2022-05-12 02:58:30', '2022-05-12 02:58:30'),
(147, 'تفعيل الحساب', 'account approval', 'لقد تم تفعيل حسابك', 'your account has been approved', 100, 0, '2022-05-28 06:27:35', '2022-05-28 06:27:35'),
(148, 'تفعيل الحساب', 'account approval', 'لقد تم تفعيل حسابك', 'your account has been approved', 103, 0, '2022-05-28 06:40:24', '2022-05-28 06:40:24');

-- --------------------------------------------------------

--
-- Table structure for table `oauth_access_tokens`
--

CREATE TABLE `oauth_access_tokens` (
  `id` varchar(100) COLLATE utf8mb4_unicode_ci NOT NULL,
  `user_id` bigint(20) DEFAULT NULL,
  `client_id` int(10) UNSIGNED NOT NULL,
  `name` varchar(191) COLLATE utf8mb4_unicode_ci DEFAULT NULL,
  `scopes` text COLLATE utf8mb4_unicode_ci,
  `revoked` tinyint(1) NOT NULL,
  `created_at` timestamp NULL DEFAULT NULL,
  `updated_at` timestamp NULL DEFAULT NULL,
  `expires_at` datetime DEFAULT NULL
) ENGINE=InnoDB DEFAULT CHARSET=utf8mb4 COLLATE=utf8mb4_unicode_ci;

--
-- Dumping data for table `oauth_access_tokens`
--

INSERT INTO `oauth_access_tokens` (`id`, `user_id`, `client_id`, `name`, `scopes`, `revoked`, `created_at`, `updated_at`, `expires_at`) VALUES
('030163af2b222c0dcb4a451aac542418944030528cae4d6e8c82ee4284e8bc25134d12b36f2aecd5', 55, 1, 'zefaf', '[]', 0, '2021-11-27 17:35:22', '2021-11-27 17:35:22', '2022-11-27 10:35:22'),
('0440d17bcea7c1d07e62405f5bc46a020e64ed62c48367d072796c7321ea74cbaa0920d0d51bc403', 13, 1, 'zefaf', '[]', 0, '2021-10-02 19:51:49', '2021-10-02 19:51:49', '2022-10-02 12:51:49'),
('06178cbdf02f63689bdd6b8a2ec6bfbb79c63dd643ffb50bcf25867cd3cd5cc8f65acd12db68f395', 41, 1, 'zefaf', '[]', 0, '2021-11-19 11:35:04', '2021-11-19 11:35:04', '2022-11-19 04:35:04'),
('0b47e61bb3d5d41d4a2a5c8197e5af873f4422e93f503890a60537fda5d3ab3fcea9df262694fae2', 31, 1, 'zefaf', '[]', 0, '2021-11-09 05:53:20', '2021-11-09 05:53:20', '2022-11-08 22:53:20'),
('0bf3b241e740edcc964fdc3e04c462b0c6767e2051fc47c07b31f3fa66a7e0d9de14757fc11dd514', 8, 1, 'zefaf', '[]', 0, '2021-09-25 09:07:13', '2021-09-25 09:07:13', '2022-09-25 02:07:13'),
('0ca7756204a8fefe9f6e7475944bb62c1a058333f86614330be47cd9c04dab9dcf08e4715f187cf9', 30, 1, 'zefaf', '[]', 0, '2021-11-09 05:52:56', '2021-11-09 05:52:56', '2022-11-08 22:52:56'),
('0f909afe00d24b629306ac0833885d7ab5394142d58012827f9fb3e3b4afde9daf84d4833324fb9d', 47, 1, 'zefaf', '[]', 0, '2021-11-20 02:50:52', '2021-11-20 02:50:52', '2022-11-19 19:50:52'),
('12cbb65e0b3b9fb95c4db342e2790eb51cb153433eef55f4fd719c668c58c38ca00c66f0bfca41d4', 39, 1, 'zefaf', '[]', 0, '2021-11-21 17:28:28', '2021-11-21 17:28:28', '2022-11-21 10:28:28'),
('1340995d8834520ee1f0e143eb0dfd5ea223fee838bce836c5a2bf44b6a1f6e4df81130c3fafff61', 46, 1, 'zefaf', '[]', 0, '2021-12-25 22:16:48', '2021-12-25 22:16:48', '2022-12-25 15:16:48'),
('13aabec393fdafb26955c1caa95cf6f409b491170d1575c77658f038a926a190c0cb107aa5afa706', 38, 1, 'zefaf', '[]', 0, '2021-12-03 06:28:08', '2021-12-03 06:28:08', '2022-12-02 23:28:08'),
('13d73cb8e2d85881a8791e242a70e23518e132599f70e2f30509ba92e7f41972e47e3e0c723cb86e', 13, 1, 'zefaf', '[]', 0, '2021-10-26 06:08:07', '2021-10-26 06:08:07', '2022-10-25 23:08:07'),
('148d0b244d2c3d0617ad98c419ffa244421aaaa953c7a6d699f6ef9c26770de59464ba1dbfff874d', 20, 1, 'zefaf', '[]', 0, '2021-11-08 18:21:46', '2021-11-08 18:21:46', '2022-11-08 11:21:46'),
('19786f4ea58422dac172482fa9c63e8d5f3960b8f54fdacea7ed19d3713dd17967e2c765fcfd3fa8', 17, 1, 'zefaf', '[]', 0, '2021-10-07 07:41:31', '2021-10-07 07:41:31', '2022-10-07 00:41:31'),
('1d84b941d8c697514e1d385f0b8149faa160de20d4c9ab516392eb00148da3145fef07fb335b2728', 37, 1, 'zefaf', '[]', 0, '2021-11-27 07:44:00', '2021-11-27 07:44:00', '2022-11-27 00:44:00'),
('1e8f93b88f857d7a524c0ca61e01777a516bcdfce9f2f4b2c1f18356d8c5789b28370d6fa072c38c', 67, 1, 'zefaf', '[]', 0, '2021-11-30 22:47:16', '2021-11-30 22:47:16', '2022-11-30 15:47:16'),
('1fd45a1968332bb4e0cf03f0d09d8ded42ac73a840ae1f936abb08f843dff12a98e507cccd2a0ac5', 9, 1, 'zefaf', '[]', 0, '2021-09-27 20:59:58', '2021-09-27 20:59:58', '2022-09-27 13:59:58'),
('21ab87c46ecea4d4e2cf9f5ef1d30e075984c5ba24d96d9b4532c01045b6b5e17c86be0a5ca46017', 13, 1, 'zefaf', '[]', 0, '2021-10-04 13:46:08', '2021-10-04 13:46:08', '2022-10-04 06:46:08'),
('27276f75a484cb8f21d4708c07e4db811c77679f5fb10949f09adce87ae362e391b0a64e7c4e94cd', 47, 1, 'zefaf', '[]', 0, '2021-11-27 10:04:51', '2021-11-27 10:04:51', '2022-11-27 03:04:51'),
('2727c55e8e5b5c5b6c5d3adb7d6eb2f880806fe5bb71ae662d106ce9e33b017a0fc3efd82c314cd4', 9, 1, 'zefaf', '[]', 0, '2021-09-26 07:43:19', '2021-09-26 07:43:19', '2022-09-26 00:43:19'),
('2742887b1d1755a36b7d5fa3a3d1f1fa2d46c1eeeb51f79ec56427f8f39f10b23ed29ed144dcf57b', 47, 1, 'zefaf', '[]', 0, '2021-11-20 02:47:39', '2021-11-20 02:47:39', '2022-11-19 19:47:39'),
('2825101b03d8331e8e3d3c64558ad086218f24826d5ee8f6f7fefb5089172036bb6757ca9fc4cebe', 74, 1, 'zefaf', '[]', 0, '2022-05-12 03:26:54', '2022-05-12 03:26:54', '2023-05-11 20:26:54'),
('290328f4eb5cbd6b297338c7313b6f5ce345bf466ef84b6e446db94c3825010861604fe803ffdc2d', 9, 1, 'zefaf', '[]', 0, '2021-09-27 00:28:32', '2021-09-27 00:28:32', '2022-09-26 17:28:32'),
('2b5d21adeb4fff49637a4742870933db6e66e5d450e7cd19d69c9e84f26e9163eec249b8d39924dd', 64, 1, 'zefaf', '[]', 0, '2021-12-03 05:44:43', '2021-12-03 05:44:43', '2022-12-02 22:44:43'),
('2caf359aae5decd057ed2120f883daf099483771d0622059728cec3299a0823681238a4c0d92a6d7', 38, 1, 'zefaf', '[]', 0, '2021-12-12 03:09:19', '2021-12-12 03:09:19', '2022-12-11 20:09:19'),
('2f737196dd4e5613b0cca4cb13e5e389dfceb40f05f1f05ece099f3880d6a6e6956084b50feeb596', 39, 1, 'zefaf', '[]', 0, '2021-11-16 10:22:25', '2021-11-16 10:22:25', '2022-11-16 03:22:25'),
('30305a8db58fa28835cfd8ecc4948965c62b8d31c17f3e109e9d692c918b204769cd941be5a8b635', 72, 1, 'zefaf', '[]', 0, '2021-12-10 20:37:31', '2021-12-10 20:37:31', '2022-12-10 13:37:31'),
('308cd2706e69a818947b71ea7e500870d7d3eed09065fcfe557cab6b8f1a60694ff8919b7b6c2d43', 45, 1, 'zefaf', '[]', 0, '2021-11-30 08:56:16', '2021-11-30 08:56:16', '2022-11-30 01:56:16'),
('30befe3ef0214e320a0b0ee318a0d0c9fb9f96a42d178a32e5289556ea5c3228d6596d851f19e7c2', 9, 1, 'zefaf', '[]', 0, '2021-10-07 07:29:45', '2021-10-07 07:29:45', '2022-10-07 00:29:45'),
('31910d00926342a7ab280560f6f23070e64d25239d6c4bd61c70ffd6377122c6637739f5be646fb6', 14, 1, 'zefaf', '[]', 0, '2021-10-06 08:44:57', '2021-10-06 08:44:57', '2022-10-06 01:44:57'),
('322bcda76c3c79b57d1fb47f5b0bc58e293bdaab0e0aaf760d6c001924b71daf3327e85d555cecf8', 100, 1, 'zefaf', '[]', 0, '2022-05-28 06:31:23', '2022-05-28 06:31:23', '2023-05-27 23:31:23'),
('3372263d585fc24c5905ff8e1175744345fabeecb1c517b386dad72eb501b289d385cafa33d52dd7', 20, 1, 'zefaf', '[]', 0, '2021-10-14 10:29:13', '2021-10-14 10:29:13', '2022-10-14 03:29:13'),
('3e6dac42c3251baa04fb8a0f6904f3a582a28307702977c789d9472f00cdb8efcc20ab0641334b6e', 30, 1, 'zefaf', '[]', 0, '2021-11-09 06:59:35', '2021-11-09 06:59:35', '2022-11-08 23:59:35'),
('3f065894cdcfb6c38300e13f1232461e88a2c2d4cf7d974198aa0b8899b8ee75c0789898ebfdc840', 20, 1, 'zefaf', '[]', 0, '2021-11-08 18:28:03', '2021-11-08 18:28:03', '2022-11-08 11:28:03'),
('3f4067f2baa37cce2b7e60f025ddcc86a1562c9d2751cc38e4d1272eada47ed5991c97dcb1637a65', 47, 1, 'zefaf', '[]', 0, '2021-11-20 02:44:38', '2021-11-20 02:44:38', '2022-11-19 19:44:38'),
('4003e51b03d4f9380809d4d8e7dc52f16b928f3b153378173340119862760fa59ffa26f460053253', 9, 1, 'zefaf', '[]', 0, '2021-10-07 08:16:47', '2021-10-07 08:16:47', '2022-10-07 01:16:47'),
('40357da97c60ec0addfc14b3654cb4afc4cb00a4e33a974b017e7c82cd9b0da62406474945413955', 9, 1, 'zefaf', '[]', 0, '2021-11-08 06:48:46', '2021-11-08 06:48:46', '2022-11-07 23:48:46'),
('4509a51f44eaa28c2c4542d9cad1374dc5c91c4810e80a9bab7f968fdfe71d535f3a3a93dd7c905b', 45, 1, 'zefaf', '[]', 0, '2021-11-30 09:26:54', '2021-11-30 09:26:54', '2022-11-30 02:26:54'),
('47846e7e2ca84714b6a6e1bd24982046d4cdac8cadf178f14f922e4886bb61746e3ce52afe1f0471', 6, 1, 'zefaf', '[]', 0, '2021-07-18 06:19:35', '2021-07-18 06:19:35', '2022-07-17 23:19:35'),
('4bcfb23762033647ce434e8ca371134e03693129f9e5e4c54c1c75800d558b768b3d41263bbf9bc0', 40, 1, 'zefaf', '[]', 0, '2021-11-28 06:50:13', '2021-11-28 06:50:13', '2022-11-27 23:50:13'),
('4da363589ff0d1d2d99b152434b40934898bb671f97321d7156310a7b39b8f2cc8928fb165b71f51', 46, 1, 'zefaf', '[]', 0, '2021-12-18 12:15:17', '2021-12-18 12:15:17', '2022-12-18 05:15:17'),
('54985a5ebcf34c278ad608058c3fab63e572a32ff0479b00c739811f0b61df84bb01a582df6f4440', 65, 1, 'zefaf', '[]', 0, '2021-11-30 08:30:03', '2021-11-30 08:30:03', '2022-11-30 01:30:03'),
('54f3b5fb1ef260e4de31310be300ef72aa01f835fe63ede84c3386c59932533bb3a7f5cf80d55903', 38, 1, 'zefaf', '[]', 0, '2021-12-03 05:46:51', '2021-12-03 05:46:51', '2022-12-02 22:46:51'),
('56a19399cea94e5b66d20da38a266b6d3202f47c9474483889d37fa4e325d3936ed7505a5c7b55ea', 39, 1, 'zefaf', '[]', 0, '2021-11-21 18:39:44', '2021-11-21 18:39:44', '2022-11-21 11:39:44'),
('58165cdb9bd9855f81c0e171f858f192102b75c4730eb4fa681776a21a2f2be5561564b02c416f1f', 73, 1, 'zefaf', '[]', 0, '2021-12-12 05:15:38', '2021-12-12 05:15:38', '2022-12-11 22:15:38'),
('587c5a62c45835cfe8ec6f25713a084c7c41f03139d50d8bd1759bd69bea77f11bd7320c7078a090', 46, 1, 'zefaf', '[]', 0, '2022-04-01 23:14:01', '2022-04-01 23:14:01', '2023-04-01 16:14:01'),
('587de6f389ce66bd5fd910ca4e01dd3ed04bcacd5e3f963d91e8b7d9e1f7cc56c292f4887f09725c', 20, 1, 'zefaf', '[]', 0, '2021-11-08 18:21:59', '2021-11-08 18:21:59', '2022-11-08 11:21:59'),
('59341a2b7948958b0a0b68233f55757a85e83aee4f232cb77b4c59c7fd0218085a78d2d057ebcd84', 13, 1, 'zefaf', '[]', 0, '2021-10-05 06:56:50', '2021-10-05 06:56:50', '2022-10-04 23:56:50'),
('5a1e39e9670607fc794452976bcb83ca2359e08bffc60a6b34fcc43ab9d7650b83f0804224a91626', 9, 1, 'zefaf', '[]', 0, '2021-09-26 08:48:33', '2021-09-26 08:48:33', '2022-09-26 01:48:33'),
('5ac2fb4798ebb85deac7fafaf87e04aa8c732841b8af816a33c2447ffe3a45dc6b0b8c5b4a3963ee', 9, 1, 'zefaf', '[]', 0, '2021-09-28 21:33:20', '2021-09-28 21:33:20', '2022-09-28 14:33:20'),
('5bd9686e763ddfa70949ad2e2b8f9543442ca81409cbeb2a3ca21d2ccc376191b5e2cc8bf2e2bf21', 45, 1, 'zefaf', '[]', 0, '2021-11-20 03:49:10', '2021-11-20 03:49:10', '2022-11-19 20:49:10'),
('5c3156d13d05c18c306a9dfc3ba73b4fe943c7fe113c6175340f9d3233d43a8bcc3a459754e1934a', 27, 1, 'zefaf', '[]', 0, '2021-10-26 07:56:09', '2021-10-26 07:56:09', '2022-10-26 00:56:09'),
('5dbc4a6dfd6034b5dc4fa68d2fc7fde384a5da8932c108bdd3b224ef6f8a7509b7cde9e872d7b10e', 6, 1, 'zefaf', '[]', 0, '2021-07-18 06:23:22', '2021-07-18 06:23:22', '2022-07-17 23:23:22'),
('5e0c540009af1f1bcfbc40a4604b200407c5ea97232e204682cdaf174227c59637dd150b498f12e2', 43, 1, 'zefaf', '[]', 0, '2021-11-19 11:25:23', '2021-11-19 11:25:23', '2022-11-19 04:25:23'),
('6142557fd05c8ec0f5e25c0f38d70da2683fcd8832faf6f8b31790d88fddc6e37a50a31b354f1084', 14, 1, 'zefaf', '[]', 0, '2021-10-06 08:33:23', '2021-10-06 08:33:23', '2022-10-06 01:33:23'),
('62a8fcee08be10908eb717ccc3ec30b070047cb42c529b38385c352f4b4ece622ed7bf08c6f4b632', 30, 1, 'zefaf', '[]', 0, '2021-11-09 06:47:33', '2021-11-09 06:47:33', '2022-11-08 23:47:33'),
('63928f52d76ab53ba5313ede3efafb7e3132e50f801315aeaaa3bcedcba5778415678e5e648e418b', 37, 1, 'zefaf', '[]', 0, '2021-12-19 05:58:38', '2021-12-19 05:58:38', '2022-12-18 22:58:38'),
('645469baf0ac1fcc6103755d60fb6b15ceb049e8fcf00670b2cd3d002f5df8a18a8e6344744c0233', 38, 1, 'zefaf', '[]', 0, '2021-11-20 22:57:23', '2021-11-20 22:57:23', '2022-11-20 15:57:23'),
('650e29ee89da96ccc012e1d4cd1f7acc8945214676fa97229103df0515c14d5ede536030284c2a5a', 38, 1, 'zefaf', '[]', 0, '2021-11-20 03:05:33', '2021-11-20 03:05:33', '2022-11-19 20:05:33'),
('65103edbdf9e1658a16d3fb181675c4af7dae27726c86234a4f629547be25af279402d1859fb8343', 13, 1, 'zefaf', '[]', 0, '2021-10-25 16:52:10', '2021-10-25 16:52:10', '2022-10-25 09:52:10'),
('657044d4d607dbd2e51e6ec40e22eb87b9b573cf526a27a6e9006c6ebcd9fb6e401ff0202514dd87', 39, 1, 'zefaf', '[]', 0, '2021-11-21 19:33:26', '2021-11-21 19:33:26', '2022-11-21 12:33:26'),
('6842815ee4e171504ecfebfca2bc0b0607c2d69621037c9d4986cf53ff3fbc0fcea74a1c106c474f', 38, 1, 'zefaf', '[]', 0, '2021-12-05 06:53:49', '2021-12-05 06:53:49', '2022-12-04 23:53:49'),
('6bcded692a25525f2d28e037b39330b5929b7ddac9a93e2c1ecd5c04a216d8c588fd51184f25b2fd', 46, 1, 'zefaf', '[]', 0, '2021-12-10 21:10:36', '2021-12-10 21:10:36', '2022-12-10 14:10:36'),
('6f87d655d462f6df63b67cd5e8cc86133ab6985ffcffb110bd58cd811848e029a80e58e516a63e75', 41, 1, 'zefaf', '[]', 0, '2021-11-19 11:13:22', '2021-11-19 11:13:22', '2022-11-19 04:13:22'),
('71a088abd292d61a54112a8eca165343350cda87bae2dff296fd9ffaf0363cdf4e0167cb93ebdaa4', 39, 1, 'zefaf', '[]', 0, '2021-12-19 00:19:04', '2021-12-19 00:19:04', '2022-12-18 17:19:04'),
('727aded6a4a715c3e5293fcc7059e8b2abcb59e42dfb285bb86c11791899595704039f9487bb440e', 17, 1, 'zefaf', '[]', 0, '2021-10-06 07:49:03', '2021-10-06 07:49:03', '2022-10-06 00:49:03'),
('746079a2e34638d291695669e5b3dabd699924a47555420f5133e3888b9d64b900b835d0245b2208', 13, 1, 'zefaf', '[]', 0, '2021-10-05 23:18:47', '2021-10-05 23:18:47', '2022-10-05 16:18:47'),
('7487cd440aac067e91dea2ab583d2ed2c5f2ee731234f12dada7ee7e71866f121c6faa88c6503714', 20, 1, 'zefaf', '[]', 0, '2021-10-13 06:29:32', '2021-10-13 06:29:32', '2022-10-12 23:29:32'),
('74eee2031edc12420f23da07bc9a84a150d65c45685219f4f4a399e6241cffc8e297e7090831d348', 38, 1, 'zefaf', '[]', 0, '2021-11-20 03:05:24', '2021-11-20 03:05:24', '2022-11-19 20:05:24'),
('75331aa2eaf78408b240b0235216ec0cd57d4bf87860635b8d7997d06219c25bcaa20d981aea70b0', 42, 1, 'zefaf', '[]', 0, '2021-11-19 06:42:01', '2021-11-19 06:42:01', '2022-11-18 23:42:01'),
('75df531e65bdf9a3744459305968f8bbf6c176024f61e6e39514328f9d8f726103e79f08181dfcbd', 7, 1, 'zefaf', '[]', 0, '2021-09-25 09:03:51', '2021-09-25 09:03:51', '2022-09-25 02:03:51'),
('7bf337073cf165c219bd1f6a0beb942db536a76b05402138b2d994efc7d10a53f59333fd0b3a27a9', 9, 1, 'zefaf', '[]', 0, '2021-10-07 08:06:50', '2021-10-07 08:06:50', '2022-10-07 01:06:50'),
('7c313291db816969783c5ceafc5cd153dd67c8ea17eebd8d030fd2f59b599e4c3ebc5996f2dd45ba', 47, 1, 'zefaf', '[]', 0, '2021-11-28 06:47:54', '2021-11-28 06:47:54', '2022-11-27 23:47:54'),
('7cb7747ed0251623161f823757a7956a5a86955994bb0a4c6eb3bae9a0aea4f78afb2d8957306777', 20, 1, 'zefaf', '[]', 0, '2021-10-13 06:29:41', '2021-10-13 06:29:41', '2022-10-12 23:29:41'),
('7d50a14537e869d5e7bff91ec2d1257b5c09d565576a8595411616705ac737bfb40bf6b90a6f1b21', 13, 1, 'zefaf', '[]', 0, '2021-10-06 05:28:29', '2021-10-06 05:28:29', '2022-10-05 22:28:29'),
('7e82b28f2a339396abab9a4dd70e49adbe0556d25bf746616b6fb790c30e4f598b61a1c89897954d', 38, 1, 'zefaf', '[]', 0, '2021-11-20 22:57:32', '2021-11-20 22:57:32', '2022-11-20 15:57:32'),
('7fc62af5d5fbe70b60cb677c402127c8e97e7e27036b676dac3a64abc22224e5cd3664302dcb26e8', 13, 1, 'zefaf', '[]', 0, '2021-10-04 21:07:06', '2021-10-04 21:07:06', '2022-10-04 14:07:06'),
('80baa0f8570e134f9097a8b9d2c3fcef60b341ae5fbdb28bb9915e0770f25b6ee8608edf66e33aa6', 39, 1, 'zefaf', '[]', 0, '2021-11-28 06:00:07', '2021-11-28 06:00:07', '2022-11-27 23:00:07'),
('81c97ecbd3d343874b8dfb94fec7ad9670b7ebe0dce8e522134a4a65b5a23c9b52f29f6c89e30783', 65, 1, 'zefaf', '[]', 0, '2021-12-01 04:01:59', '2021-12-01 04:01:59', '2022-11-30 21:01:59'),
('82dfa9dee1245114f06b0ce2893ec141b4e2b76ff08ad4d23978185ae4a9be581eb5854725734a58', 47, 1, 'zefaf', '[]', 0, '2021-11-20 02:48:57', '2021-11-20 02:48:57', '2022-11-19 19:48:57'),
('8456e994f65b0f53f16bc9e4b36a88f86542b38b6056511dc2a550c9d993eb0b6e25459ca063342a', 55, 1, 'zefaf', '[]', 0, '2021-11-27 17:01:05', '2021-11-27 17:01:05', '2022-11-27 10:01:05'),
('859572b8369278d13421dffcea427d676a0059c8cb4ee45a35ef6b1f5ca70d00550466a121753e9b', 6, 1, 'zefaf', '[]', 0, '2021-07-18 06:26:01', '2021-07-18 06:26:01', '2022-07-17 23:26:01'),
('85c0aa8065bb4d872015ead1df9b8bfa3bae34ce9a221879248737909fcf106bd9b530714194f7f1', 46, 1, 'zefaf', '[]', 0, '2021-12-25 22:17:23', '2021-12-25 22:17:23', '2022-12-25 15:17:23'),
('8a84c3925145b2b2b76809f9ffe7eb86dd26189e01c72657aa6728c4a5cd436c4e8cdf6b389cb7f2', 45, 1, 'zefaf', '[]', 0, '2021-12-01 04:37:46', '2021-12-01 04:37:46', '2022-11-30 21:37:46'),
('90a981cc99d08f277644e5631c8b1b278a6181c542c076884dc081fe70fe60a90060506194b485ab', 13, 1, 'zefaf', '[]', 0, '2021-10-03 02:18:07', '2021-10-03 02:18:07', '2022-10-02 19:18:07'),
('911cde3f21fc02669067829358b8af732078d6e3665a85c783d7ec29a01f625ce2fbc61219cb266f', 9, 1, 'zefaf', '[]', 0, '2021-09-27 00:27:46', '2021-09-27 00:27:46', '2022-09-26 17:27:46'),
('9259f7b8410a53a38ac3794ce8e4940190cde11919e9bb07a33ac6bb0be3fc5660baa67352f62149', 9, 1, 'zefaf', '[]', 0, '2021-09-26 08:35:51', '2021-09-26 08:35:51', '2022-09-26 01:35:51'),
('93a7bf7d0fe6bd182bb35f232edae350534a85c1fed2543cb7ab93e858f9ab654985d6d4668aa684', 13, 1, 'zefaf', '[]', 0, '2021-10-06 08:37:35', '2021-10-06 08:37:35', '2022-10-06 01:37:35'),
('9409f60844e664a4263dc0296208d5d452fcf4bdd63d3208d2d230361693b3b1e288f45f1e9ecada', 9, 1, 'zefaf', '[]', 0, '2021-10-07 08:50:08', '2021-10-07 08:50:08', '2022-10-07 01:50:08'),
('940dddd8ff63f2b87bd56ebf2db9cb680d853dc4ea092326c5fb7ef93de4db07ab6373da0de2b436', 39, 1, 'zefaf', '[]', 0, '2021-11-28 07:35:38', '2021-11-28 07:35:38', '2022-11-28 00:35:38'),
('959a146341f00598ea1485f6504ea191efef9bdee5e6dbcbdfe355610cb622267c0bd66152777658', 20, 1, 'zefaf', '[]', 0, '2021-10-13 06:29:14', '2021-10-13 06:29:14', '2022-10-12 23:29:14'),
('96c6bb046c7e6c4e05d280c24beafab883dc220e100665090728f67556a56821d48516275bd7410d', 13, 1, 'zefaf', '[]', 0, '2021-10-03 22:29:23', '2021-10-03 22:29:23', '2022-10-03 15:29:23'),
('96fd6c07d7142ee90f24114bd9fccdc38d7c82d3d414b975cc56b66ef3db2bc22df4f81267df8934', 39, 1, 'zefaf', '[]', 0, '2021-11-28 06:16:15', '2021-11-28 06:16:15', '2022-11-27 23:16:15'),
('9fa3ec150c8ef955b30bc1331ea7d8d3f38bfeb3711409b5f979f259813d788ec9269960c8485ff3', 9, 1, 'zefaf', '[]', 0, '2021-09-26 08:45:21', '2021-09-26 08:45:21', '2022-09-26 01:45:21'),
('a0c8b00910c3e58ffc646d366e83253fdd7345062d686d6bf4b8545f325b513b4bc78c8a990d04e5', 40, 1, 'zefaf', '[]', 0, '2021-11-20 08:37:44', '2021-11-20 08:37:44', '2022-11-20 01:37:44'),
('a11b1b6223d10cb35f4417fc457dc17627b9932d99564e17e46903a1e7240e2b33dde6574a553f37', 6, 1, 'zefaf', '[]', 0, '2021-07-18 06:18:24', '2021-07-18 06:18:24', '2022-07-17 23:18:24'),
('a154a60375b563bd86dddbbf38ba264f7946f6c5b097e38e30a403b429489acde7bc506ec4636104', 40, 1, 'zefaf', '[]', 0, '2021-11-30 05:49:24', '2021-11-30 05:49:24', '2022-11-29 22:49:24'),
('a1a65018ffad91a794efbaea0876ee72dceebe1df30a531787e08f2014e4ea189051f1c9a51dbdec', 44, 1, 'zefaf', '[]', 0, '2021-11-19 23:50:22', '2021-11-19 23:50:22', '2022-11-19 16:50:22'),
('a212ed50d004f3235dd733628441be8e9fec1164ec306c0627e80ecf292a56fbcd982561658dfbbf', 40, 1, 'zefaf', '[]', 0, '2021-11-16 10:00:34', '2021-11-16 10:00:34', '2022-11-16 03:00:34'),
('a3129ee3f95f9fe9254733e3b60f11bbcca6b0345c8059941042ec7ae78eab35897643e6eb9e25bf', 37, 1, 'zefaf', '[]', 0, '2022-01-08 00:50:55', '2022-01-08 00:50:55', '2023-01-07 17:50:55'),
('a5ad889b44808a77e2db5df7a8777d3fb3a8bec59329152e17e3d05dccbe1292495219962c8e5673', 39, 1, 'zefaf', '[]', 0, '2021-11-21 17:49:34', '2021-11-21 17:49:34', '2022-11-21 10:49:34'),
('a7effc607520a4125f3b1eb6574c7ed5af03777629e5f17dcbf30e27bc6eed80338573f1f18f8846', 13, 1, 'zefaf', '[]', 0, '2021-10-06 08:40:47', '2021-10-06 08:40:47', '2022-10-06 01:40:47'),
('ab79cdf22ae2a19784abfff9af4498feb0c621806cd7cd3899d7324a977f1dbd70b8412bd237251c', 9, 1, 'zefaf', '[]', 0, '2021-10-07 07:28:53', '2021-10-07 07:28:53', '2022-10-07 00:28:53'),
('ac5ef0e353e41741d0c56c92b49f51a2b7b77f537f4b173366669f20e5af38d3fd1d7339abae2bca', 74, 1, 'zefaf', '[]', 0, '2022-05-12 03:35:52', '2022-05-12 03:35:52', '2023-05-11 20:35:52'),
('adb932e1e3a0515cafb7a010615f81bef41eeb66f1a9e5e51fcf249b936a734e8f8c915f442ca558', 47, 1, 'zefaf', '[]', 0, '2021-11-28 07:23:33', '2021-11-28 07:23:33', '2022-11-28 00:23:33'),
('adda1177ae74c92273545209c5ed0aa94e89be9c278cbea64fdb052b5ade7c6192dc210d918a7a7f', 38, 1, 'zefaf', '[]', 0, '2021-11-30 06:58:18', '2021-11-30 06:58:18', '2022-11-29 23:58:18'),
('b244aabbd6744635a3a63e043ba3dcaf4dd6b12553c3c2bed38f465b694e4a33ac0a3d54526fd1f5', 13, 1, 'zefaf', '[]', 0, '2021-10-25 17:04:30', '2021-10-25 17:04:30', '2022-10-25 10:04:30'),
('b3ce563803dae12fa3a1fe81384ab582f5db7da5814155652292997d730b0a6bb040d55748f3802e', 9, 1, 'zefaf', '[]', 0, '2021-09-26 16:15:58', '2021-09-26 16:15:58', '2022-09-26 09:15:58'),
('b49f72db71baadfead52a29731896e9e141bb6c887bf554b2d9d9195b9cd4f60e85d245dc17feea6', 20, 1, 'zefaf', '[]', 0, '2021-11-08 18:28:11', '2021-11-08 18:28:11', '2022-11-08 11:28:11'),
('b5abe866250e8fc1cb2dca72f838841c3f35f965db26e87164034937e0881fda2da77c07d02639c9', 102, 1, 'zefaf', '[]', 0, '2022-05-28 06:38:00', '2022-05-28 06:38:00', '2023-05-27 23:38:00'),
('b71498c3275b9640d7b57658ccc87aa42ef95e466b02e3825f168a8689b81c0089de1fbceafdea9a', 39, 1, 'zefaf', '[]', 0, '2021-12-19 06:28:10', '2021-12-19 06:28:10', '2022-12-18 23:28:10'),
('b92cc6dee3670b878f5c48546dd81fd41bf95a4c1d104159d242f236f39e8002d9dfa71172518690', 9, 1, 'zefaf', '[]', 0, '2021-09-27 04:49:17', '2021-09-27 04:49:17', '2022-09-26 21:49:17'),
('bbe92fd6840e82c54d778783c711983f6dc135b2a6f11915e60641f126ddf65788ab7dddfb8af69b', 20, 1, 'zefaf', '[]', 0, '2021-10-14 10:28:59', '2021-10-14 10:28:59', '2022-10-14 03:28:59'),
('bd0bfe9237ca3c2ca7c3570a45b5adf35eed2d986e4ff78f706e13cdac715336be48f7ef16937db8', 9, 1, 'zefaf', '[]', 0, '2021-10-07 08:55:13', '2021-10-07 08:55:13', '2022-10-07 01:55:13'),
('bf142c342de7df358f887d9d6c7df34bc3fdb005fd412310d184270e47ad89e6eaf695d24b1df849', 9, 1, 'zefaf', '[]', 0, '2021-09-26 07:43:41', '2021-09-26 07:43:41', '2022-09-26 00:43:41'),
('bf66201a504b72fa9e87b9c6cd42a7188ecfc112257103f1f2aaca065781a7ff163744b1f25d78ed', 48, 1, 'zefaf', '[]', 0, '2021-11-20 02:53:18', '2021-11-20 02:53:18', '2022-11-19 19:53:18'),
('c3d0dd0459504bfb4df8b7e10f2244868aed2d8ff141f39e559bda1c460cc150dadf9ac4dbbf9323', 9, 1, 'zefaf', '[]', 0, '2021-10-08 20:52:36', '2021-10-08 20:52:36', '2022-10-08 13:52:36'),
('c6087019782efd8a209a5e55dcb6050ba9c44e797b21f121d39e220634cefb27a7a3d77d5d498761', 47, 1, 'zefaf', '[]', 0, '2021-12-01 04:36:49', '2021-12-01 04:36:49', '2022-11-30 21:36:49'),
('c694176043eac9b5d6745030cc1d953789ec1b429b61244a42f3c4f8c45569fb668993476eab254f', 9, 1, 'zefaf', '[]', 0, '2021-10-07 08:32:22', '2021-10-07 08:32:22', '2022-10-07 01:32:22'),
('c8419813299cf61df2b57a663263525f99490117c59d3972b8bfd3f25e9a0e0a1d87c6b01910e613', 55, 1, 'zefaf', '[]', 0, '2021-11-27 17:39:05', '2021-11-27 17:39:05', '2022-11-27 10:39:05'),
('cb326f7abb2598184071c56f56d0544ad159b0db63ae04f2cbcf77a5885c00507f8d900d5030495d', 13, 1, 'zefaf', '[]', 0, '2021-10-03 02:56:32', '2021-10-03 02:56:32', '2022-10-02 19:56:32'),
('d3e18d7af7c39549172e7fa08d07adb78f872dda0f8f1569d2af4dd6820fe5b1e9192316555cf09a', 13, 1, 'zefaf', '[]', 0, '2021-10-02 19:52:20', '2021-10-02 19:52:20', '2022-10-02 12:52:20'),
('d4ed62784ae6b89cf2c6c0e138a68c44a4a1a3bd12dc994b32a5ebd9894a9a4c2bf46e067dd033ef', 68, 1, 'zefaf', '[]', 0, '2021-12-01 04:21:39', '2021-12-01 04:21:39', '2022-11-30 21:21:39'),
('d6d0f6eca9a68c251211642fff28ee45990bb8b1c2a0cba03f57a9da7b191dc005c99b3da4796068', 46, 1, 'zefaf', '[]', 0, '2021-11-20 02:01:36', '2021-11-20 02:01:36', '2022-11-19 19:01:36'),
('d73966b79d23a287c6d44f60a1855d949405181074e4c7919a9afcf15015fd9aa7fef6ccc8d9b5ad', 20, 1, 'zefaf', '[]', 0, '2021-11-08 18:31:17', '2021-11-08 18:31:17', '2022-11-08 11:31:17'),
('d760185272916b0f5260b258c7e767eb7d33ae264cc6b11bffe5c2454abee17155ab4910a61d94dc', 15, 1, 'zefaf', '[]', 0, '2021-10-06 08:31:34', '2021-10-06 08:31:34', '2022-10-06 01:31:34'),
('d861f2254a7282326167e5c0a4ea9fec5345ed85bc2725498eb2e0907e7a34038426ac83636f0be1', 20, 1, 'zefaf', '[]', 0, '2021-11-08 18:31:07', '2021-11-08 18:31:07', '2022-11-08 11:31:07'),
('d8d6bfafced75b990e10c222b351e2e33739d884d55931bff9e0872904aafb76d99ab3ff581a1642', 55, 1, 'zefaf', '[]', 0, '2021-11-28 06:03:25', '2021-11-28 06:03:25', '2022-11-27 23:03:25'),
('d91b51ff72c7cf7882355b997746fa203f9044a255a6870df7e10d758a0288a56d537df2c58897cc', 13, 1, 'zefaf', '[]', 0, '2021-10-02 19:47:22', '2021-10-02 19:47:22', '2022-10-02 12:47:22'),
('d9c6f2abb79d4e86b7dfdfa56f0ba6a6a61144a7bd32c2332ff5809cb2ede9a1402d355237753b65', 55, 1, 'zefaf', '[]', 0, '2021-12-12 05:01:36', '2021-12-12 05:01:36', '2022-12-11 22:01:36'),
('da289f801370792d92a8e16f61abf3c28a9a662f34c943277d8b9cb54dbbf30ca7be1606c07b157e', 13, 1, 'zefaf', '[]', 0, '2021-10-04 13:43:07', '2021-10-04 13:43:07', '2022-10-04 06:43:07'),
('db02a96b6bea9c43d8d775974595de816d30a49531d52a57b88d23487253d7a901e646297cf5e19d', 13, 1, 'zefaf', '[]', 0, '2021-10-25 06:49:19', '2021-10-25 06:49:19', '2022-10-24 23:49:19'),
('db33dfa81ba292fdce9e03ba3eb5bf291b10273a73ea006b22380df1a0302d797c03026cc4d43d51', 13, 1, 'zefaf', '[]', 0, '2021-10-25 02:50:23', '2021-10-25 02:50:23', '2022-10-24 19:50:23'),
('dc8e7e2fb89e73776a0c5c5f0bdbb77aba893b6327eb1bac5cdcde53abcbdd6e322c4826211aec46', 18, 1, 'zefaf', '[]', 0, '2021-10-06 07:53:36', '2021-10-06 07:53:36', '2022-10-06 00:53:36'),
('dcda123c972789dd59adc63f0da7c0c8b777b4e76b899955f8f0611423900cd6c48066e499372259', 39, 1, 'zefaf', '[]', 0, '2021-11-28 06:45:01', '2021-11-28 06:45:01', '2022-11-27 23:45:01'),
('de848d879ea4ddb565d0a8e235944304911550d55e1718806f3cc5cd73636a669a5e943ffbef0366', 20, 1, 'zefaf', '[]', 0, '2021-11-08 18:31:05', '2021-11-08 18:31:05', '2022-11-08 11:31:05'),
('e3822148a670418b54e479e4c3506efa54ac3d2ac63ee00b9d1e2ef39d54cd40701ef566d75ad494', 16, 1, 'zefaf', '[]', 0, '2021-10-06 08:29:38', '2021-10-06 08:29:38', '2022-10-06 01:29:38'),
('e4fb5766418c4438325670dceb3d0e45c0ccf6f1b615dcbe1accc71bce7851e1bf10e19166634756', 65, 1, 'zefaf', '[]', 0, '2022-05-28 06:47:24', '2022-05-28 06:47:24', '2023-05-27 23:47:24'),
('e617f96c11f2f53c6d908bf00aa5ba327130c12b3a9676eebecad9e1e20877cd7f5893077315609f', 47, 1, 'zefaf', '[]', 0, '2021-11-20 02:52:24', '2021-11-20 02:52:24', '2022-11-19 19:52:24'),
('e83a313a2c2248f16f853ca7b8779d1e040c0bfac56660626553a38955b03d6b496e8ccce72b0c88', 13, 1, 'zefaf', '[]', 0, '2021-10-07 09:13:51', '2021-10-07 09:13:51', '2022-10-07 02:13:51'),
('e9ba9d6cc928f196fc5cc1529ff2cc7a9856a842ee7aff43fce71b1ae043a081ca631254100a8c37', 39, 1, 'zefaf', '[]', 0, '2021-11-21 18:15:16', '2021-11-21 18:15:16', '2022-11-21 11:15:16'),
('eb3afccc8f50a335e5a1979b1700ecb3970cfcf4087296ff0bcdbc2c1692b34be82a55358e0cde4e', 9, 1, 'zefaf', '[]', 0, '2021-09-27 21:00:58', '2021-09-27 21:00:58', '2022-09-27 14:00:58'),
('ebbfdcb8a4003907c442fcff615d06a573c20896a8b5ece390f42f1c03880c9cccaf4bb7dc061321', 9, 1, 'zefaf', '[]', 0, '2021-11-08 06:50:35', '2021-11-08 06:50:35', '2022-11-07 23:50:35'),
('f066cef628cbff0e38bcb5883920802ffba34cf9d634875fe6f3776b03220a52c40e0e7ec1607613', 20, 1, 'zefaf', '[]', 0, '2021-10-13 06:29:23', '2021-10-13 06:29:23', '2022-10-12 23:29:23'),
('f3352e65db17fed8a7a11af413a04127b1e7d8729408fa09db4924aca130f26bc4e6cd11efc90807', 9, 1, 'zefaf', '[]', 0, '2021-09-27 00:21:40', '2021-09-27 00:21:40', '2022-09-26 17:21:40'),
('f76a687bfb2f2a58dac14b2f294000984457f845c8884406931c22fea6f006e4122703f864102198', 55, 1, 'zefaf', '[]', 0, '2021-11-27 22:01:25', '2021-11-27 22:01:25', '2022-11-27 15:01:25'),
('f76e082f83c248330658285495592da6d402fcd0b3ce6a5552d19ab25450b9dfb7aee900272ed8cd', 30, 1, 'zefaf', '[]', 0, '2021-11-08 18:33:08', '2021-11-08 18:33:08', '2022-11-08 11:33:08'),
('f76f48d359f7f33a3ded18ea08fad5d32b72c533f973ed375002b04681cd72864016019071075ab8', 38, 1, 'zefaf', '[]', 0, '2021-12-21 04:27:15', '2021-12-21 04:27:15', '2022-12-20 21:27:15'),
('f9cde2ae6d92b066f08b52149de8d917df081b1cef4db742d1d288d1ee4e71337d50cb3b3ff64d58', 40, 1, 'zefaf', '[]', 0, '2021-11-16 10:03:06', '2021-11-16 10:03:06', '2022-11-16 03:03:06'),
('fcd243c3c9ae173cfe3415fdac64f432b93f4103c9b8b3662245e1429f5697e2cc23abc0efe09767', 13, 1, 'zefaf', '[]', 0, '2021-10-05 05:57:20', '2021-10-05 05:57:20', '2022-10-04 22:57:20'),
('feaca9b58d2532f0e26a6acd563ff392be70c764d2ec409b0d2b8e84e5f144b6ac1b99dce4c21afe', 9, 1, 'zefaf', '[]', 0, '2021-10-07 08:23:54', '2021-10-07 08:23:54', '2022-10-07 01:23:54');

-- --------------------------------------------------------

--
-- Table structure for table `oauth_auth_codes`
--

CREATE TABLE `oauth_auth_codes` (
  `id` varchar(100) COLLATE utf8mb4_unicode_ci NOT NULL,
  `user_id` bigint(20) NOT NULL,
  `client_id` int(10) UNSIGNED NOT NULL,
  `scopes` text COLLATE utf8mb4_unicode_ci,
  `revoked` tinyint(1) NOT NULL,
  `expires_at` datetime DEFAULT NULL
) ENGINE=InnoDB DEFAULT CHARSET=utf8mb4 COLLATE=utf8mb4_unicode_ci;

-- --------------------------------------------------------

--
-- Table structure for table `oauth_clients`
--

CREATE TABLE `oauth_clients` (
  `id` int(10) UNSIGNED NOT NULL,
  `user_id` bigint(20) DEFAULT NULL,
  `name` varchar(191) COLLATE utf8mb4_unicode_ci NOT NULL,
  `secret` varchar(100) COLLATE utf8mb4_unicode_ci NOT NULL,
  `redirect` text COLLATE utf8mb4_unicode_ci NOT NULL,
  `personal_access_client` tinyint(1) NOT NULL,
  `password_client` tinyint(1) NOT NULL,
  `revoked` tinyint(1) NOT NULL,
  `created_at` timestamp NULL DEFAULT NULL,
  `updated_at` timestamp NULL DEFAULT NULL
) ENGINE=InnoDB DEFAULT CHARSET=utf8mb4 COLLATE=utf8mb4_unicode_ci;

--
-- Dumping data for table `oauth_clients`
--

INSERT INTO `oauth_clients` (`id`, `user_id`, `name`, `secret`, `redirect`, `personal_access_client`, `password_client`, `revoked`, `created_at`, `updated_at`) VALUES
(1, NULL, 'Laravel Personal Access Client', 'c2kg4gfQqjGnpddRlBfTChnw9pL6lK0QY39GGiWf', 'http://localhost', 1, 0, 0, '2021-07-18 06:18:19', '2021-07-18 06:18:19'),
(2, NULL, 'Laravel Password Grant Client', '7abAK4XTma6bIaXAACS4Z9HWEAz16Fyx2KWN57Gw', 'http://localhost', 0, 1, 0, '2021-07-18 06:18:19', '2021-07-18 06:18:19');

-- --------------------------------------------------------

--
-- Table structure for table `oauth_personal_access_clients`
--

CREATE TABLE `oauth_personal_access_clients` (
  `id` int(10) UNSIGNED NOT NULL,
  `client_id` int(10) UNSIGNED NOT NULL,
  `created_at` timestamp NULL DEFAULT NULL,
  `updated_at` timestamp NULL DEFAULT NULL
) ENGINE=InnoDB DEFAULT CHARSET=utf8mb4 COLLATE=utf8mb4_unicode_ci;

--
-- Dumping data for table `oauth_personal_access_clients`
--

INSERT INTO `oauth_personal_access_clients` (`id`, `client_id`, `created_at`, `updated_at`) VALUES
(1, 1, '2021-07-18 06:18:19', '2021-07-18 06:18:19');

-- --------------------------------------------------------

--
-- Table structure for table `oauth_refresh_tokens`
--

CREATE TABLE `oauth_refresh_tokens` (
  `id` varchar(100) COLLATE utf8mb4_unicode_ci NOT NULL,
  `access_token_id` varchar(100) COLLATE utf8mb4_unicode_ci NOT NULL,
  `revoked` tinyint(1) NOT NULL,
  `expires_at` datetime DEFAULT NULL
) ENGINE=InnoDB DEFAULT CHARSET=utf8mb4 COLLATE=utf8mb4_unicode_ci;

-- --------------------------------------------------------

--
-- Table structure for table `packages`
--

CREATE TABLE `packages` (
  `id` int(10) UNSIGNED NOT NULL,
  `user_id` int(10) UNSIGNED NOT NULL,
  `title` varchar(191) COLLATE utf8mb4_unicode_ci NOT NULL,
  `price` int(11) NOT NULL,
  `description` text COLLATE utf8mb4_unicode_ci NOT NULL,
  `created_at` timestamp NULL DEFAULT NULL,
  `updated_at` timestamp NULL DEFAULT NULL
) ENGINE=InnoDB DEFAULT CHARSET=utf8mb4 COLLATE=utf8mb4_unicode_ci;

--
-- Dumping data for table `packages`
--

INSERT INTO `packages` (`id`, `user_id`, `title`, `price`, `description`, `created_at`, `updated_at`) VALUES
(16, 44, 'Test', 1200, 'Test', '2021-11-19 23:52:37', '2021-11-19 23:52:37'),
(17, 58, 'Gold 18 ring', 6000, 'Finest gold with an Italian style', '2021-11-20 21:36:53', '2021-11-20 21:36:53'),
(18, 62, 'Makeup only', 3000, 'Only makeup', '2021-11-26 01:50:58', '2021-11-26 01:50:58'),
(19, 69, 'Photo only', 2500, '2 photographers\n3 sessions', '2021-12-10 18:23:12', '2021-12-10 18:23:12'),
(20, 69, 'Photo & Video', 5000, '4 photographer\n\n5 video Grapher\n\n4 sessions', '2021-12-10 18:24:13', '2021-12-10 18:24:13');

-- --------------------------------------------------------

--
-- Table structure for table `permissions`
--

CREATE TABLE `permissions` (
  `id` int(10) UNSIGNED NOT NULL,
  `group_name` varchar(191) COLLATE utf8mb4_unicode_ci NOT NULL,
  `settings` tinyint(4) NOT NULL DEFAULT '0',
  `countries` tinyint(4) NOT NULL DEFAULT '0',
  `areas` tinyint(4) NOT NULL DEFAULT '0',
  `client_terms` tinyint(4) NOT NULL DEFAULT '0',
  `vendor_terms` tinyint(4) NOT NULL DEFAULT '0',
  `users` tinyint(4) NOT NULL DEFAULT '0',
  `categories` tinyint(4) NOT NULL DEFAULT '0',
  `memberships` tinyint(4) NOT NULL DEFAULT '0',
  `vendors` tinyint(4) NOT NULL DEFAULT '0',
  `update_requests` tinyint(4) NOT NULL DEFAULT '0',
  `notifications` tinyint(4) NOT NULL DEFAULT '0',
  `employees` tinyint(4) NOT NULL DEFAULT '0',
  `permissions` tinyint(4) NOT NULL DEFAULT '0',
  `translations` tinyint(4) NOT NULL DEFAULT '0',
  `contacts` tinyint(4) NOT NULL DEFAULT '0',
  `reports` int(11) NOT NULL DEFAULT '0',
  `created_at` timestamp NULL DEFAULT NULL,
  `updated_at` timestamp NULL DEFAULT NULL
) ENGINE=InnoDB DEFAULT CHARSET=utf8mb4 COLLATE=utf8mb4_unicode_ci;

--
-- Dumping data for table `permissions`
--

INSERT INTO `permissions` (`id`, `group_name`, `settings`, `countries`, `areas`, `client_terms`, `vendor_terms`, `users`, `categories`, `memberships`, `vendors`, `update_requests`, `notifications`, `employees`, `permissions`, `translations`, `contacts`, `reports`, `created_at`, `updated_at`) VALUES
(1, 'Data Entry', 0, 1, 1, 1, 1, 0, 1, 1, 0, 0, 0, 0, 0, 0, 0, 0, '2021-06-22 08:10:53', '2021-06-22 08:10:53');

-- --------------------------------------------------------

--
-- Table structure for table `permission_groups`
--

CREATE TABLE `permission_groups` (
  `id` int(10) UNSIGNED NOT NULL,
  `user_id` int(10) UNSIGNED NOT NULL,
  `permission_id` int(10) UNSIGNED NOT NULL,
  `created_at` timestamp NULL DEFAULT NULL,
  `updated_at` timestamp NULL DEFAULT NULL
) ENGINE=InnoDB DEFAULT CHARSET=utf8mb4 COLLATE=utf8mb4_unicode_ci;

--
-- Dumping data for table `permission_groups`
--

INSERT INTO `permission_groups` (`id`, `user_id`, `permission_id`, `created_at`, `updated_at`) VALUES
(1, 4, 1, '2021-06-22 08:11:39', '2021-06-22 08:11:39');

-- --------------------------------------------------------

--
-- Table structure for table `reviews`
--

CREATE TABLE `reviews` (
  `id` int(10) UNSIGNED NOT NULL,
  `user_id` int(10) UNSIGNED NOT NULL,
  `vendor_id` int(10) UNSIGNED NOT NULL,
  `rate` int(11) NOT NULL,
  `comment` varchar(255) COLLATE utf8mb4_unicode_ci DEFAULT NULL,
  `is_help` int(11) NOT NULL DEFAULT '0',
  `name` varchar(191) COLLATE utf8mb4_unicode_ci NOT NULL,
  `created_at` timestamp NULL DEFAULT NULL,
  `updated_at` timestamp NULL DEFAULT NULL
) ENGINE=InnoDB DEFAULT CHARSET=utf8mb4 COLLATE=utf8mb4_unicode_ci;

--
-- Dumping data for table `reviews`
--

INSERT INTO `reviews` (`id`, `user_id`, `vendor_id`, `rate`, `comment`, `is_help`, `name`, `created_at`, `updated_at`) VALUES
(2, 38, 64, 4, 'test test test', 1, 'mahmoud 2', '2021-12-03 06:28:44', '2021-12-03 06:28:44'),
(4, 38, 64, 4, NULL, 1, 'mahmoud 2', '2021-12-03 06:30:07', '2021-12-03 06:30:07'),
(6, 38, 66, 3, NULL, 1, 'AHmed Tarek Nasef', '2021-12-03 06:38:04', '2021-12-03 06:38:04'),
(7, 46, 69, 4, NULL, 1, 'Aya El Ezaiza', '2021-12-10 19:54:08', '2021-12-10 19:54:08'),
(8, 46, 69, 4, NULL, 1, 'Aya El Ezaiza', '2021-12-10 19:54:09', '2021-12-10 19:54:09'),
(9, 73, 66, 4, NULL, 1, 'Mooooo', '2021-12-12 04:42:49', '2021-12-12 04:42:49'),
(10, 46, 47, 4, NULL, 0, 'Aya El Ezaiza', '2021-12-15 06:58:38', '2021-12-15 06:58:38'),
(11, 46, 74, 1, NULL, 1, 'Aya El Ezaiza', '2021-12-18 12:29:41', '2021-12-18 12:29:41'),
(12, 46, 79, 3, NULL, 1, 'Aya El Ezaiza', '2021-12-24 01:39:19', '2021-12-24 01:39:19'),
(13, 46, 79, 3, NULL, 1, 'Aya El Ezaiza', '2021-12-24 01:39:20', '2021-12-24 01:39:20'),
(14, 46, 79, 3, NULL, 1, 'Aya El Ezaiza', '2021-12-24 01:39:20', '2021-12-24 01:39:20'),
(15, 46, 79, 3, NULL, 1, 'Aya El Ezaiza', '2021-12-24 01:39:20', '2021-12-24 01:39:20'),
(16, 46, 79, 5, NULL, 1, 'Aya El Ezaiza', '2021-12-24 07:47:11', '2021-12-24 07:47:11');

-- --------------------------------------------------------

--
-- Table structure for table `settings`
--

CREATE TABLE `settings` (
  `id` int(10) UNSIGNED NOT NULL,
  `key` varchar(191) COLLATE utf8mb4_unicode_ci NOT NULL,
  `value` longtext COLLATE utf8mb4_unicode_ci NOT NULL,
  `created_at` timestamp NULL DEFAULT NULL,
  `updated_at` timestamp NULL DEFAULT NULL
) ENGINE=InnoDB DEFAULT CHARSET=utf8mb4 COLLATE=utf8mb4_unicode_ci;

--
-- Dumping data for table `settings`
--

INSERT INTO `settings` (`id`, `key`, `value`, `created_at`, `updated_at`) VALUES
(1, 'client_terms_ar', '<p>تطبيق زفاف لحجز قاعات الأفراح وجلسات التصوير</p>', '2021-06-10 06:01:23', '2021-06-10 06:01:23'),
(2, 'client_terms_en', '<p>Zefaf application for the reservation of wedding halls and photo sessions</p>', '2021-06-10 06:01:23', '2021-06-10 06:01:23'),
(3, 'vendor_terms_ar', '<p>تطبيق زفاف لحجز قاعات الأفراح وجلسات التصوير</p>', '2021-06-10 06:01:58', '2021-06-10 06:01:58'),
(4, 'vendor_terms_en', '<p>Zefaf application for the reservation of wedding halls and photo sessions</p>', '2021-06-10 06:01:58', '2021-06-10 06:01:58'),
(5, 'support', 'support@xyz.com', '2021-06-10 06:01:58', '2021-06-10 06:01:58'),
(6, 'phone', '01065833750', '2021-06-10 06:01:58', '2021-06-10 06:01:58');

-- --------------------------------------------------------

--
-- Table structure for table `statistics`
--

CREATE TABLE `statistics` (
  `id` int(10) UNSIGNED NOT NULL,
  `user_id` int(10) UNSIGNED NOT NULL,
  `vendor_id` int(10) UNSIGNED NOT NULL,
  `type` enum('like','click','visit') COLLATE utf8mb4_unicode_ci NOT NULL,
  `created_at` timestamp NULL DEFAULT NULL,
  `updated_at` timestamp NULL DEFAULT NULL
) ENGINE=InnoDB DEFAULT CHARSET=utf8mb4 COLLATE=utf8mb4_unicode_ci;

--
-- Dumping data for table `statistics`
--

INSERT INTO `statistics` (`id`, `user_id`, `vendor_id`, `type`, `created_at`, `updated_at`) VALUES
(212, 38, 39, 'visit', '2021-11-14 20:28:19', '2021-11-14 20:28:19'),
(213, 38, 39, 'visit', '2021-11-14 20:48:37', '2021-11-14 20:48:37'),
(214, 38, 39, 'like', '2021-11-14 20:48:39', '2021-11-14 20:48:39'),
(215, 38, 39, 'visit', '2021-11-14 20:49:40', '2021-11-14 20:49:40'),
(216, 38, 39, 'visit', '2021-11-14 20:51:05', '2021-11-14 20:51:05'),
(217, 38, 39, 'visit', '2021-11-14 20:51:43', '2021-11-14 20:51:43'),
(218, 38, 39, 'visit', '2021-11-14 20:53:06', '2021-11-14 20:53:06'),
(219, 38, 39, 'visit', '2021-11-14 20:53:12', '2021-11-14 20:53:12'),
(220, 38, 39, 'visit', '2021-11-14 20:55:16', '2021-11-14 20:55:16'),
(221, 38, 39, 'visit', '2021-11-14 20:55:56', '2021-11-14 20:55:56'),
(222, 38, 39, 'visit', '2021-11-14 20:56:37', '2021-11-14 20:56:37'),
(223, 38, 39, 'visit', '2021-11-14 20:56:40', '2021-11-14 20:56:40'),
(224, 38, 39, 'visit', '2021-11-14 20:56:47', '2021-11-14 20:56:47'),
(225, 38, 39, 'visit', '2021-11-14 20:57:13', '2021-11-14 20:57:13'),
(226, 38, 39, 'visit', '2021-11-14 21:11:48', '2021-11-14 21:11:48'),
(227, 38, 39, 'visit', '2021-11-14 21:12:21', '2021-11-14 21:12:21'),
(228, 38, 39, 'visit', '2021-11-14 21:19:29', '2021-11-14 21:19:29'),
(229, 38, 39, 'visit', '2021-11-14 21:38:01', '2021-11-14 21:38:01'),
(230, 38, 39, 'visit', '2021-11-15 07:44:01', '2021-11-15 07:44:01'),
(231, 38, 39, 'visit', '2021-11-15 07:49:17', '2021-11-15 07:49:17'),
(232, 40, 39, 'visit', '2021-11-16 10:04:30', '2021-11-16 10:04:30'),
(233, 40, 39, 'visit', '2021-11-16 10:10:05', '2021-11-16 10:10:05'),
(234, 40, 39, 'visit', '2021-11-16 10:12:45', '2021-11-16 10:12:45'),
(235, 38, 39, 'visit', '2021-11-17 15:12:04', '2021-11-17 15:12:04'),
(236, 38, 39, 'click', '2021-11-17 15:12:09', '2021-11-17 15:12:09'),
(237, 38, 39, 'visit', '2021-11-17 15:12:25', '2021-11-17 15:12:25'),
(238, 38, 39, 'visit', '2021-11-17 15:23:29', '2021-11-17 15:23:29'),
(239, 38, 39, 'visit', '2021-11-17 15:24:52', '2021-11-17 15:24:52'),
(240, 38, 39, 'visit', '2021-11-17 15:27:31', '2021-11-17 15:27:31'),
(241, 38, 39, 'visit', '2021-11-17 15:28:13', '2021-11-17 15:28:13'),
(242, 38, 39, 'visit', '2021-11-17 15:44:43', '2021-11-17 15:44:43'),
(243, 38, 39, 'visit', '2021-11-17 15:47:40', '2021-11-17 15:47:40'),
(244, 38, 39, 'visit', '2021-11-17 15:48:06', '2021-11-17 15:48:06'),
(245, 38, 39, 'visit', '2021-11-17 15:48:27', '2021-11-17 15:48:27'),
(246, 38, 39, 'visit', '2021-11-17 15:51:52', '2021-11-17 15:51:52'),
(247, 38, 39, 'visit', '2021-11-17 15:54:54', '2021-11-17 15:54:54'),
(248, 38, 39, 'click', '2021-11-17 15:55:03', '2021-11-17 15:55:03'),
(249, 38, 39, 'click', '2021-11-17 15:55:09', '2021-11-17 15:55:09'),
(250, 38, 39, 'visit', '2021-11-17 15:57:02', '2021-11-17 15:57:02'),
(251, 38, 39, 'visit', '2021-11-17 15:58:08', '2021-11-17 15:58:08'),
(252, 38, 39, 'click', '2021-11-17 15:58:10', '2021-11-17 15:58:10'),
(253, 38, 39, 'click', '2021-11-17 15:58:13', '2021-11-17 15:58:13'),
(254, 41, 39, 'visit', '2021-11-19 06:11:22', '2021-11-19 06:11:22'),
(255, 45, 43, 'like', '2021-11-20 02:33:14', '2021-11-20 02:33:14'),
(256, 45, 43, 'visit', '2021-11-20 02:33:14', '2021-11-20 02:33:14'),
(257, 45, 43, 'visit', '2021-11-20 02:33:32', '2021-11-20 02:33:32'),
(258, 56, 43, 'visit', '2021-11-20 08:21:45', '2021-11-20 08:21:45'),
(259, 56, 44, 'visit', '2021-11-20 08:22:07', '2021-11-20 08:22:07'),
(260, 56, 43, 'visit', '2021-11-20 08:22:26', '2021-11-20 08:22:26'),
(261, 56, 44, 'visit', '2021-11-20 08:23:09', '2021-11-20 08:23:09'),
(262, 56, 44, 'click', '2021-11-20 08:23:37', '2021-11-20 08:23:37'),
(263, 38, 43, 'visit', '2021-11-20 08:33:11', '2021-11-20 08:33:11'),
(264, 38, 43, 'visit', '2021-11-20 08:33:13', '2021-11-20 08:33:13'),
(265, 38, 44, 'visit', '2021-11-20 08:33:18', '2021-11-20 08:33:18'),
(266, 38, 43, 'visit', '2021-11-20 08:34:47', '2021-11-20 08:34:47'),
(267, 38, 44, 'visit', '2021-11-20 08:34:50', '2021-11-20 08:34:50'),
(268, 38, 44, 'visit', '2021-11-20 08:35:00', '2021-11-20 08:35:00'),
(269, 38, 43, 'visit', '2021-11-20 08:39:47', '2021-11-20 08:39:47'),
(270, 38, 55, 'visit', '2021-11-20 08:43:57', '2021-11-20 08:43:57'),
(271, 38, 55, 'visit', '2021-11-20 08:45:32', '2021-11-20 08:45:32'),
(272, 38, 55, 'visit', '2021-11-20 08:45:57', '2021-11-20 08:45:57'),
(273, 38, 55, 'visit', '2021-11-20 08:47:54', '2021-11-20 08:47:54'),
(274, 38, 43, 'visit', '2021-11-20 08:50:58', '2021-11-20 08:50:58'),
(275, 38, 55, 'visit', '2021-11-20 08:51:08', '2021-11-20 08:51:08'),
(276, 38, 43, 'visit', '2021-11-20 17:17:35', '2021-11-20 17:17:35'),
(277, 38, 43, 'visit', '2021-11-20 17:18:40', '2021-11-20 17:18:40'),
(278, 38, 43, 'visit', '2021-11-20 17:19:57', '2021-11-20 17:19:57'),
(279, 38, 43, 'visit', '2021-11-20 17:20:27', '2021-11-20 17:20:27'),
(280, 38, 43, 'visit', '2021-11-20 17:20:36', '2021-11-20 17:20:36'),
(281, 38, 43, 'visit', '2021-11-20 17:21:37', '2021-11-20 17:21:37'),
(282, 38, 43, 'visit', '2021-11-20 17:23:14', '2021-11-20 17:23:14'),
(283, 38, 44, 'visit', '2021-11-20 17:23:22', '2021-11-20 17:23:22'),
(284, 38, 44, 'visit', '2021-11-20 17:23:25', '2021-11-20 17:23:25'),
(285, 38, 43, 'visit', '2021-11-20 17:24:13', '2021-11-20 17:24:13'),
(286, 38, 43, 'visit', '2021-11-20 17:24:18', '2021-11-20 17:24:18'),
(287, 38, 44, 'visit', '2021-11-20 17:24:22', '2021-11-20 17:24:22'),
(288, 38, 44, 'visit', '2021-11-20 17:24:26', '2021-11-20 17:24:26'),
(289, 38, 44, 'visit', '2021-11-20 17:24:29', '2021-11-20 17:24:29'),
(290, 40, 55, 'visit', '2021-11-20 17:44:58', '2021-11-20 17:44:58'),
(291, 40, 55, 'visit', '2021-11-20 20:25:21', '2021-11-20 20:25:21'),
(292, 40, 44, 'visit', '2021-11-20 20:25:48', '2021-11-20 20:25:48'),
(293, 40, 55, 'visit', '2021-11-20 20:27:14', '2021-11-20 20:27:14'),
(294, 40, 53, 'visit', '2021-11-20 20:29:35', '2021-11-20 20:29:35'),
(295, 40, 39, 'visit', '2021-11-20 20:30:49', '2021-11-20 20:30:49'),
(296, 59, 58, 'visit', '2021-11-20 20:31:42', '2021-11-20 20:31:42'),
(297, 59, 58, 'visit', '2021-11-20 20:32:03', '2021-11-20 20:32:03'),
(298, 59, 58, 'like', '2021-11-20 20:32:10', '2021-11-20 20:32:10'),
(299, 59, 58, 'visit', '2021-11-20 20:34:40', '2021-11-20 20:34:40'),
(300, 59, 58, 'visit', '2021-11-20 20:36:35', '2021-11-20 20:36:35'),
(301, 59, 55, 'visit', '2021-11-20 20:36:37', '2021-11-20 20:36:37'),
(302, 59, 55, 'visit', '2021-11-20 20:36:43', '2021-11-20 20:36:43'),
(303, 59, 58, 'visit', '2021-11-20 20:36:49', '2021-11-20 20:36:49'),
(304, 59, 58, 'visit', '2021-11-20 20:36:57', '2021-11-20 20:36:57'),
(305, 59, 43, 'visit', '2021-11-20 21:11:37', '2021-11-20 21:11:37'),
(306, 59, 43, 'visit', '2021-11-20 21:11:43', '2021-11-20 21:11:43'),
(307, 59, 44, 'visit', '2021-11-20 21:11:49', '2021-11-20 21:11:49'),
(308, 59, 44, 'visit', '2021-11-20 21:12:13', '2021-11-20 21:12:13'),
(309, 59, 57, 'visit', '2021-11-20 21:14:04', '2021-11-20 21:14:04'),
(310, 59, 57, 'click', '2021-11-20 21:15:10', '2021-11-20 21:15:10'),
(311, 59, 57, 'click', '2021-11-20 21:19:26', '2021-11-20 21:19:26'),
(312, 38, 43, 'visit', '2021-11-20 22:08:42', '2021-11-20 22:08:42'),
(313, 38, 44, 'visit', '2021-11-20 22:08:45', '2021-11-20 22:08:45'),
(314, 38, 44, 'visit', '2021-11-20 22:19:09', '2021-11-20 22:19:09'),
(315, 38, 44, 'visit', '2021-11-20 22:19:34', '2021-11-20 22:19:34'),
(316, 38, 55, 'visit', '2021-11-20 22:19:48', '2021-11-20 22:19:48'),
(317, 38, 58, 'visit', '2021-11-20 22:21:41', '2021-11-20 22:21:41'),
(318, 59, 44, 'visit', '2021-11-20 22:21:54', '2021-11-20 22:21:54'),
(319, 38, 55, 'visit', '2021-11-20 22:39:49', '2021-11-20 22:39:49'),
(320, 38, 55, 'visit', '2021-11-20 22:40:52', '2021-11-20 22:40:52'),
(321, 38, 58, 'visit', '2021-11-20 22:41:01', '2021-11-20 22:41:01'),
(322, 38, 58, 'visit', '2021-11-20 22:41:38', '2021-11-20 22:41:38'),
(323, 38, 55, 'visit', '2021-11-20 22:41:44', '2021-11-20 22:41:44'),
(324, 38, 58, 'visit', '2021-11-20 22:41:48', '2021-11-20 22:41:48'),
(325, 38, 58, 'visit', '2021-11-20 22:42:35', '2021-11-20 22:42:35'),
(326, 38, 55, 'visit', '2021-11-20 22:42:51', '2021-11-20 22:42:51'),
(327, 38, 58, 'visit', '2021-11-20 22:42:54', '2021-11-20 22:42:54'),
(328, 38, 44, 'visit', '2021-11-20 22:43:00', '2021-11-20 22:43:00'),
(329, 38, 43, 'visit', '2021-11-20 22:43:17', '2021-11-20 22:43:17'),
(330, 38, 57, 'visit', '2021-11-20 22:43:24', '2021-11-20 22:43:24'),
(331, 38, 58, 'visit', '2021-11-20 22:46:47', '2021-11-20 22:46:47'),
(332, 38, 55, 'visit', '2021-11-20 22:46:50', '2021-11-20 22:46:50'),
(333, 38, 44, 'visit', '2021-11-20 22:46:56', '2021-11-20 22:46:56'),
(334, 38, 57, 'visit', '2021-11-20 22:47:05', '2021-11-20 22:47:05'),
(335, 59, 58, 'visit', '2021-11-20 22:51:21', '2021-11-20 22:51:21'),
(336, 59, 58, 'click', '2021-11-20 22:51:25', '2021-11-20 22:51:25'),
(337, 59, 58, 'click', '2021-11-20 22:51:54', '2021-11-20 22:51:54'),
(338, 59, 58, 'click', '2021-11-20 22:52:11', '2021-11-20 22:52:11'),
(339, 59, 58, 'click', '2021-11-20 22:53:21', '2021-11-20 22:53:21'),
(340, 59, 58, 'click', '2021-11-20 22:53:36', '2021-11-20 22:53:36'),
(341, 59, 58, 'visit', '2021-11-20 23:14:38', '2021-11-20 23:14:38'),
(342, 59, 43, 'visit', '2021-11-20 23:36:20', '2021-11-20 23:36:20'),
(343, 59, 43, 'visit', '2021-11-20 23:36:26', '2021-11-20 23:36:26'),
(344, 36, 44, 'visit', '2021-11-20 23:39:39', '2021-11-20 23:39:39'),
(345, 36, 44, 'like', '2021-11-20 23:39:59', '2021-11-20 23:39:59'),
(346, 36, 44, 'visit', '2021-11-20 23:40:14', '2021-11-20 23:40:14'),
(347, 36, 55, 'visit', '2021-11-20 23:40:49', '2021-11-20 23:40:49'),
(348, 36, 55, 'like', '2021-11-20 23:40:50', '2021-11-20 23:40:50'),
(349, 36, 55, 'visit', '2021-11-20 23:41:01', '2021-11-20 23:41:01'),
(350, 38, 53, 'visit', '2021-11-21 04:27:49', '2021-11-21 04:27:49'),
(352, 38, 53, 'visit', '2021-11-21 04:27:55', '2021-11-21 04:27:55'),
(353, 38, 53, 'visit', '2021-11-21 04:29:38', '2021-11-21 04:29:38'),
(355, 38, 53, 'visit', '2021-11-21 04:29:59', '2021-11-21 04:29:59'),
(357, 38, 43, 'visit', '2021-11-21 04:30:50', '2021-11-21 04:30:50'),
(359, 38, 43, 'visit', '2021-11-21 04:32:26', '2021-11-21 04:32:26'),
(360, 38, 43, 'visit', '2021-11-21 04:33:06', '2021-11-21 04:33:06'),
(362, 38, 43, 'visit', '2021-11-21 04:37:58', '2021-11-21 04:37:58'),
(363, 38, 43, 'visit', '2021-11-21 04:38:01', '2021-11-21 04:38:01'),
(364, 38, 53, 'visit', '2021-11-21 04:38:05', '2021-11-21 04:38:05'),
(366, 38, 43, 'visit', '2021-11-21 04:45:08', '2021-11-21 04:45:08'),
(367, 38, 43, 'visit', '2021-11-21 04:46:10', '2021-11-21 04:46:10'),
(372, 38, 53, 'visit', '2021-11-21 05:01:40', '2021-11-21 05:01:40'),
(377, 38, 58, 'visit', '2021-11-21 05:02:25', '2021-11-21 05:02:25'),
(378, 38, 55, 'visit', '2021-11-21 05:02:27', '2021-11-21 05:02:27'),
(379, 38, 55, 'visit', '2021-11-21 05:02:29', '2021-11-21 05:02:29'),
(380, 38, 55, 'like', '2021-11-21 05:02:32', '2021-11-21 05:02:32'),
(381, 38, 58, 'like', '2021-11-22 08:17:10', '2021-11-22 08:17:10'),
(382, 38, 58, 'visit', '2021-11-22 08:21:46', '2021-11-22 08:21:46'),
(383, 38, 53, 'visit', '2021-11-22 08:21:59', '2021-11-22 08:21:59'),
(384, 38, 58, 'visit', '2021-11-22 08:23:04', '2021-11-22 08:23:04'),
(385, 38, 55, 'visit', '2021-11-22 08:23:09', '2021-11-22 08:23:09'),
(386, 38, 58, 'visit', '2021-11-27 03:10:01', '2021-11-27 03:10:01'),
(387, 38, 43, 'like', '2021-11-27 03:42:02', '2021-11-27 03:42:02'),
(390, 38, 55, 'visit', '2021-11-27 03:47:41', '2021-11-27 03:47:41'),
(391, 38, 55, 'visit', '2021-11-27 03:48:42', '2021-11-27 03:48:42'),
(392, 38, 55, 'visit', '2021-11-27 03:49:10', '2021-11-27 03:49:10'),
(393, 38, 58, 'visit', '2021-11-27 03:49:19', '2021-11-27 03:49:19'),
(394, 38, 55, 'visit', '2021-11-27 03:49:26', '2021-11-27 03:49:26'),
(395, 38, 55, 'visit', '2021-11-27 03:50:47', '2021-11-27 03:50:47'),
(396, 38, 43, 'visit', '2021-11-27 03:57:13', '2021-11-27 03:57:13'),
(397, 38, 53, 'visit', '2021-11-27 03:57:18', '2021-11-27 03:57:18'),
(398, 38, 53, 'visit', '2021-11-27 04:02:37', '2021-11-27 04:02:37'),
(399, 38, 53, 'click', '2021-11-27 04:02:39', '2021-11-27 04:02:39'),
(400, 38, 53, 'click', '2021-11-27 04:02:49', '2021-11-27 04:02:49'),
(401, 38, 55, 'visit', '2021-11-27 04:03:44', '2021-11-27 04:03:44'),
(402, 38, 55, 'visit', '2021-11-27 04:06:08', '2021-11-27 04:06:08'),
(403, 38, 55, 'click', '2021-11-27 04:06:22', '2021-11-27 04:06:22'),
(404, 38, 53, 'visit', '2021-11-27 06:23:27', '2021-11-27 06:23:27'),
(405, 38, 53, 'visit', '2021-11-27 06:33:25', '2021-11-27 06:33:25'),
(406, 38, 53, 'visit', '2021-11-27 06:37:15', '2021-11-27 06:37:15'),
(407, 38, 53, 'visit', '2021-11-27 06:38:13', '2021-11-27 06:38:13'),
(408, 38, 53, 'visit', '2021-11-27 06:39:27', '2021-11-27 06:39:27'),
(409, 38, 53, 'visit', '2021-11-27 06:40:52', '2021-11-27 06:40:52'),
(410, 38, 53, 'visit', '2021-11-27 06:44:53', '2021-11-27 06:44:53'),
(411, 38, 53, 'visit', '2021-11-27 06:46:18', '2021-11-27 06:46:18'),
(412, 38, 53, 'visit', '2021-11-27 06:47:00', '2021-11-27 06:47:00'),
(413, 38, 53, 'visit', '2021-11-27 06:47:50', '2021-11-27 06:47:50'),
(414, 38, 53, 'visit', '2021-11-27 06:49:08', '2021-11-27 06:49:08'),
(415, 38, 53, 'visit', '2021-11-27 06:49:40', '2021-11-27 06:49:40'),
(416, 38, 53, 'visit', '2021-11-27 07:08:36', '2021-11-27 07:08:36'),
(417, 38, 53, 'click', '2021-11-27 07:08:38', '2021-11-27 07:08:38'),
(418, 38, 53, 'click', '2021-11-27 07:08:39', '2021-11-27 07:08:39'),
(419, 38, 53, 'visit', '2021-11-27 07:09:54', '2021-11-27 07:09:54'),
(420, 38, 53, 'click', '2021-11-27 07:09:56', '2021-11-27 07:09:56'),
(421, 38, 53, 'visit', '2021-11-27 07:10:40', '2021-11-27 07:10:40'),
(422, 38, 53, 'click', '2021-11-27 07:10:42', '2021-11-27 07:10:42'),
(423, 38, 53, 'visit', '2021-11-27 07:11:21', '2021-11-27 07:11:21'),
(424, 38, 53, 'click', '2021-11-27 07:11:30', '2021-11-27 07:11:30'),
(425, 38, 53, 'visit', '2021-11-27 16:21:06', '2021-11-27 16:21:06'),
(426, 38, 53, 'visit', '2021-11-27 16:21:36', '2021-11-27 16:21:36'),
(427, 38, 53, 'visit', '2021-11-27 16:23:02', '2021-11-27 16:23:02'),
(428, 38, 55, 'visit', '2021-11-28 05:10:29', '2021-11-28 05:10:29'),
(429, 38, 53, 'visit', '2021-11-28 05:11:42', '2021-11-28 05:11:42'),
(430, 38, 55, 'visit', '2021-11-28 05:11:49', '2021-11-28 05:11:49'),
(431, 38, 58, 'visit', '2021-11-28 05:12:00', '2021-11-28 05:12:00'),
(432, 40, 39, 'visit', '2021-11-28 06:51:26', '2021-11-28 06:51:26'),
(433, 46, 58, 'visit', '2021-11-30 08:11:33', '2021-11-30 08:11:33'),
(435, 46, 58, 'click', '2021-11-30 08:12:20', '2021-11-30 08:12:20'),
(436, 46, 58, 'click', '2021-11-30 08:12:25', '2021-11-30 08:12:25'),
(437, 46, 58, 'click', '2021-11-30 08:12:31', '2021-11-30 08:12:31'),
(438, 46, 58, 'click', '2021-11-30 08:12:37', '2021-11-30 08:12:37'),
(439, 46, 47, 'visit', '2021-11-30 08:12:54', '2021-11-30 08:12:54'),
(440, 46, 58, 'visit', '2021-11-30 08:13:05', '2021-11-30 08:13:05'),
(441, 46, 57, 'visit', '2021-11-30 08:14:23', '2021-11-30 08:14:23'),
(442, 46, 43, 'visit', '2021-11-30 08:14:56', '2021-11-30 08:14:56'),
(443, 46, 43, 'visit', '2021-11-30 08:15:03', '2021-11-30 08:15:03'),
(444, 46, 43, 'like', '2021-11-30 08:15:05', '2021-11-30 08:15:05'),
(445, 46, 53, 'visit', '2021-11-30 08:15:15', '2021-11-30 08:15:15'),
(446, 46, 53, 'like', '2021-11-30 08:15:16', '2021-11-30 08:15:16'),
(447, 46, 58, 'visit', '2021-11-30 08:31:18', '2021-11-30 08:31:18'),
(448, 46, 58, 'visit', '2021-11-30 08:31:42', '2021-11-30 08:31:42'),
(449, 46, 58, 'click', '2021-11-30 08:31:46', '2021-11-30 08:31:46'),
(450, 65, 58, 'visit', '2021-11-30 08:33:14', '2021-11-30 08:33:14'),
(451, 65, 58, 'visit', '2021-11-30 08:33:39', '2021-11-30 08:33:39'),
(452, 65, 47, 'visit', '2021-11-30 08:33:45', '2021-11-30 08:33:45'),
(453, 65, 58, 'visit', '2021-11-30 08:33:49', '2021-11-30 08:33:49'),
(454, 65, 55, 'visit', '2021-11-30 08:33:53', '2021-11-30 08:33:53'),
(455, 65, 47, 'visit', '2021-11-30 08:33:56', '2021-11-30 08:33:56'),
(456, 65, 57, 'visit', '2021-11-30 08:34:12', '2021-11-30 08:34:12'),
(457, 45, 43, 'visit', '2021-11-30 08:56:44', '2021-11-30 08:56:44'),
(458, 45, 43, 'visit', '2021-11-30 08:57:25', '2021-11-30 08:57:25'),
(459, 45, 53, 'visit', '2021-11-30 08:57:45', '2021-11-30 08:57:45'),
(460, 45, 53, 'like', '2021-11-30 08:57:49', '2021-11-30 08:57:49'),
(461, 46, 62, 'visit', '2021-11-30 09:38:43', '2021-11-30 09:38:43'),
(464, 46, 47, 'visit', '2021-11-30 09:41:40', '2021-11-30 09:41:40'),
(465, 46, 47, 'visit', '2021-11-30 09:42:18', '2021-11-30 09:42:18'),
(466, 46, 58, 'visit', '2021-11-30 09:44:42', '2021-11-30 09:44:42'),
(467, 46, 58, 'visit', '2021-11-30 09:44:50', '2021-11-30 09:44:50'),
(468, 46, 58, 'click', '2021-11-30 09:45:04', '2021-11-30 09:45:04'),
(469, 46, 58, 'click', '2021-11-30 09:45:13', '2021-11-30 09:45:13'),
(470, 46, 58, 'click', '2021-11-30 09:47:30', '2021-11-30 09:47:30'),
(471, 46, 58, 'click', '2021-11-30 09:47:35', '2021-11-30 09:47:35'),
(472, 46, 58, 'visit', '2021-11-30 09:47:47', '2021-11-30 09:47:47'),
(473, 46, 58, 'visit', '2021-11-30 09:48:39', '2021-11-30 09:48:39'),
(474, 46, 58, 'visit', '2021-11-30 09:53:46', '2021-11-30 09:53:46'),
(475, 46, 47, 'visit', '2021-11-30 09:57:48', '2021-11-30 09:57:48'),
(477, 46, 55, 'visit', '2021-11-30 10:00:19', '2021-11-30 10:00:19'),
(478, 46, 47, 'visit', '2021-11-30 10:00:23', '2021-11-30 10:00:23'),
(479, 46, 47, 'visit', '2021-11-30 10:01:36', '2021-11-30 10:01:36'),
(480, 46, 47, 'visit', '2021-11-30 10:01:39', '2021-11-30 10:01:39'),
(481, 46, 47, 'visit', '2021-11-30 10:02:35', '2021-11-30 10:02:35'),
(482, 46, 58, 'visit', '2021-11-30 10:06:24', '2021-11-30 10:06:24'),
(483, 46, 58, 'click', '2021-11-30 10:06:30', '2021-11-30 10:06:30'),
(484, 46, 58, 'visit', '2021-11-30 10:06:52', '2021-11-30 10:06:52'),
(485, 46, 43, 'visit', '2021-11-30 10:09:23', '2021-11-30 10:09:23'),
(486, 46, 47, 'like', '2021-11-30 10:09:31', '2021-11-30 10:09:31'),
(487, 46, 55, 'visit', '2021-11-30 10:09:36', '2021-11-30 10:09:36'),
(488, 46, 55, 'like', '2021-11-30 10:09:38', '2021-11-30 10:09:38'),
(489, 65, 66, 'visit', '2021-12-01 01:49:32', '2021-12-01 01:49:32'),
(490, 65, 53, 'visit', '2021-12-01 01:49:39', '2021-12-01 01:49:39'),
(491, 65, 55, 'visit', '2021-12-01 01:50:07', '2021-12-01 01:50:07'),
(492, 65, 64, 'visit', '2021-12-01 01:50:13', '2021-12-01 01:50:13'),
(493, 65, 64, 'visit', '2021-12-01 01:50:16', '2021-12-01 01:50:16'),
(494, 65, 66, 'visit', '2021-12-01 04:02:18', '2021-12-01 04:02:18'),
(495, 45, 68, 'visit', '2021-12-01 04:30:29', '2021-12-01 04:30:29'),
(496, 45, 66, 'visit', '2021-12-01 04:30:59', '2021-12-01 04:30:59'),
(497, 45, 68, 'visit', '2021-12-01 04:38:22', '2021-12-01 04:38:22'),
(498, 45, 68, 'visit', '2021-12-01 04:39:15', '2021-12-01 04:39:15'),
(499, 45, 68, 'visit', '2021-12-01 04:40:31', '2021-12-01 04:40:31'),
(500, 45, 68, 'visit', '2021-12-01 04:44:50', '2021-12-01 04:44:50'),
(501, 45, 66, 'visit', '2021-12-01 04:45:02', '2021-12-01 04:45:02'),
(502, 38, 66, 'visit', '2021-12-01 06:59:33', '2021-12-01 06:59:33'),
(503, 38, 66, 'visit', '2021-12-01 07:00:32', '2021-12-01 07:00:32'),
(504, 46, 57, 'visit', '2021-12-03 05:39:08', '2021-12-03 05:39:08'),
(507, 38, 64, 'visit', '2021-12-03 06:11:01', '2021-12-03 06:11:01'),
(508, 38, 64, 'like', '2021-12-03 06:11:34', '2021-12-03 06:11:34'),
(509, 38, 66, 'visit', '2021-12-03 06:13:33', '2021-12-03 06:13:33'),
(510, 38, 66, 'visit', '2021-12-03 06:14:23', '2021-12-03 06:14:23'),
(511, 38, 64, 'visit', '2021-12-03 06:14:50', '2021-12-03 06:14:50'),
(512, 38, 64, 'visit', '2021-12-03 06:15:27', '2021-12-03 06:15:27'),
(513, 38, 64, 'click', '2021-12-03 06:15:30', '2021-12-03 06:15:30'),
(514, 38, 64, 'click', '2021-12-03 06:15:59', '2021-12-03 06:15:59'),
(515, 38, 64, 'click', '2021-12-03 06:16:06', '2021-12-03 06:16:06'),
(516, 38, 64, 'visit', '2021-12-03 06:17:42', '2021-12-03 06:17:42'),
(517, 38, 64, 'click', '2021-12-03 06:17:53', '2021-12-03 06:17:53'),
(518, 38, 64, 'click', '2021-12-03 06:17:59', '2021-12-03 06:17:59'),
(519, 38, 64, 'visit', '2021-12-03 06:18:36', '2021-12-03 06:18:36'),
(520, 38, 64, 'visit', '2021-12-03 06:20:36', '2021-12-03 06:20:36'),
(521, 38, 64, 'visit', '2021-12-03 06:21:52', '2021-12-03 06:21:52'),
(522, 38, 64, 'visit', '2021-12-03 06:22:50', '2021-12-03 06:22:50'),
(523, 38, 64, 'visit', '2021-12-03 06:24:18', '2021-12-03 06:24:18'),
(524, 38, 64, 'visit', '2021-12-03 06:26:15', '2021-12-03 06:26:15'),
(525, 38, 64, 'visit', '2021-12-03 06:27:20', '2021-12-03 06:27:20'),
(526, 38, 64, 'visit', '2021-12-03 06:29:21', '2021-12-03 06:29:21'),
(527, 38, 64, 'visit', '2021-12-03 06:30:29', '2021-12-03 06:30:29'),
(528, 38, 43, 'visit', '2021-12-03 06:36:27', '2021-12-03 06:36:27'),
(529, 38, 66, 'visit', '2021-12-03 06:36:32', '2021-12-03 06:36:32'),
(530, 38, 66, 'visit', '2021-12-03 06:37:19', '2021-12-03 06:37:19'),
(531, 38, 66, 'visit', '2021-12-03 06:37:57', '2021-12-03 06:37:57'),
(532, 38, 66, 'visit', '2021-12-03 06:38:05', '2021-12-03 06:38:05'),
(533, 65, 66, 'visit', '2021-12-04 21:59:17', '2021-12-04 21:59:17'),
(534, 38, 66, 'visit', '2021-12-05 04:33:23', '2021-12-05 04:33:23'),
(535, 38, 66, 'visit', '2021-12-05 04:40:12', '2021-12-05 04:40:12'),
(536, 38, 66, 'visit', '2021-12-05 04:40:46', '2021-12-05 04:40:46'),
(537, 38, 66, 'visit', '2021-12-05 04:41:46', '2021-12-05 04:41:46'),
(538, 38, 66, 'visit', '2021-12-05 04:42:26', '2021-12-05 04:42:26'),
(539, 38, 66, 'visit', '2021-12-05 04:43:48', '2021-12-05 04:43:48'),
(540, 38, 66, 'visit', '2021-12-05 04:45:03', '2021-12-05 04:45:03'),
(541, 38, 66, 'visit', '2021-12-05 04:45:20', '2021-12-05 04:45:20'),
(542, 38, 66, 'visit', '2021-12-05 06:00:32', '2021-12-05 06:00:32'),
(544, 38, 66, 'visit', '2021-12-05 06:08:26', '2021-12-05 06:08:26'),
(546, 38, 66, 'visit', '2021-12-05 06:12:43', '2021-12-05 06:12:43'),
(547, 38, 66, 'visit', '2021-12-05 06:24:35', '2021-12-05 06:24:35'),
(548, 38, 66, 'like', '2021-12-05 06:25:11', '2021-12-05 06:25:11'),
(549, 38, 66, 'visit', '2021-12-05 06:25:47', '2021-12-05 06:25:47'),
(550, 38, 66, 'visit', '2021-12-05 06:55:42', '2021-12-05 06:55:42'),
(551, 46, 58, 'visit', '2021-12-06 07:56:46', '2021-12-06 07:56:46'),
(552, 46, 64, 'visit', '2021-12-06 07:56:50', '2021-12-06 07:56:50'),
(553, 46, 64, 'click', '2021-12-06 07:56:55', '2021-12-06 07:56:55'),
(554, 46, 64, 'click', '2021-12-06 07:57:04', '2021-12-06 07:57:04'),
(555, 46, 64, 'click', '2021-12-06 07:57:06', '2021-12-06 07:57:06'),
(556, 46, 64, 'visit', '2021-12-06 07:57:13', '2021-12-06 07:57:13'),
(557, 46, 64, 'like', '2021-12-06 07:57:50', '2021-12-06 07:57:50'),
(558, 46, 68, 'like', '2021-12-06 07:58:34', '2021-12-06 07:58:34'),
(559, 46, 64, 'visit', '2021-12-07 20:46:53', '2021-12-07 20:46:53'),
(560, 46, 64, 'visit', '2021-12-07 20:47:30', '2021-12-07 20:47:30'),
(561, 46, 47, 'visit', '2021-12-07 20:50:18', '2021-12-07 20:50:18'),
(562, 46, 69, 'visit', '2021-12-10 19:53:29', '2021-12-10 19:53:29'),
(563, 46, 69, 'visit', '2021-12-10 19:54:10', '2021-12-10 19:54:10'),
(564, 46, 69, 'visit', '2021-12-10 19:54:16', '2021-12-10 19:54:16'),
(565, 46, 69, 'visit', '2021-12-10 19:54:21', '2021-12-10 19:54:21'),
(566, 46, 69, 'visit', '2021-12-10 19:54:27', '2021-12-10 19:54:27'),
(567, 46, 69, 'visit', '2021-12-10 19:54:45', '2021-12-10 19:54:45'),
(568, 46, 69, 'click', '2021-12-10 19:54:50', '2021-12-10 19:54:50'),
(569, 46, 69, 'click', '2021-12-10 19:55:02', '2021-12-10 19:55:02'),
(570, 46, 69, 'click', '2021-12-10 19:55:14', '2021-12-10 19:55:14'),
(571, 46, 69, 'click', '2021-12-10 19:55:24', '2021-12-10 19:55:24'),
(572, 46, 69, 'visit', '2021-12-10 19:56:12', '2021-12-10 19:56:12'),
(573, 46, 58, 'visit', '2021-12-10 20:10:24', '2021-12-10 20:10:24'),
(574, 46, 58, 'click', '2021-12-10 20:10:27', '2021-12-10 20:10:27'),
(575, 46, 69, 'visit', '2021-12-10 21:14:55', '2021-12-10 21:14:55'),
(576, 46, 69, 'visit', '2021-12-10 21:15:46', '2021-12-10 21:15:46'),
(577, 46, 69, 'visit', '2021-12-10 21:16:11', '2021-12-10 21:16:11'),
(578, 73, 66, 'visit', '2021-12-12 03:41:04', '2021-12-12 03:41:04'),
(579, 73, 66, 'visit', '2021-12-12 03:41:16', '2021-12-12 03:41:16'),
(580, 73, 66, 'visit', '2021-12-12 04:24:54', '2021-12-12 04:24:54'),
(581, 73, 66, 'visit', '2021-12-12 04:36:08', '2021-12-12 04:36:08'),
(582, 73, 66, 'visit', '2021-12-12 04:37:51', '2021-12-12 04:37:51'),
(583, 73, 66, 'visit', '2021-12-12 04:38:33', '2021-12-12 04:38:33'),
(584, 73, 66, 'visit', '2021-12-12 04:40:24', '2021-12-12 04:40:24'),
(585, 73, 66, 'visit', '2021-12-12 04:41:10', '2021-12-12 04:41:10'),
(586, 73, 64, 'visit', '2021-12-12 04:41:26', '2021-12-12 04:41:26'),
(587, 73, 64, 'visit', '2021-12-12 04:41:58', '2021-12-12 04:41:58'),
(588, 73, 66, 'visit', '2021-12-12 04:42:17', '2021-12-12 04:42:17'),
(589, 73, 66, 'visit', '2021-12-12 04:42:50', '2021-12-12 04:42:50'),
(590, 73, 66, 'visit', '2021-12-12 04:43:03', '2021-12-12 04:43:03'),
(591, 73, 66, 'visit', '2021-12-12 04:43:08', '2021-12-12 04:43:08'),
(592, 73, 66, 'visit', '2021-12-12 04:44:49', '2021-12-12 04:44:49'),
(593, 73, 64, 'like', '2021-12-12 04:47:48', '2021-12-12 04:47:48'),
(594, 73, 47, 'like', '2021-12-12 04:47:50', '2021-12-12 04:47:50'),
(596, 73, 53, 'like', '2021-12-13 03:00:41', '2021-12-13 03:00:41'),
(597, 73, 66, 'like', '2021-12-13 03:00:42', '2021-12-13 03:00:42'),
(598, 73, 68, 'like', '2021-12-13 03:04:39', '2021-12-13 03:04:39'),
(599, 73, 62, 'like', '2021-12-13 03:05:11', '2021-12-13 03:05:11'),
(600, 46, 76, 'visit', '2021-12-15 06:46:16', '2021-12-15 06:46:16'),
(601, 46, 76, 'like', '2021-12-15 06:46:26', '2021-12-15 06:46:26'),
(602, 46, 74, 'visit', '2021-12-15 06:48:35', '2021-12-15 06:48:35'),
(603, 46, 74, 'visit', '2021-12-15 06:54:30', '2021-12-15 06:54:30'),
(604, 46, 74, 'click', '2021-12-15 06:54:35', '2021-12-15 06:54:35'),
(605, 46, 74, 'click', '2021-12-15 06:54:38', '2021-12-15 06:54:38'),
(606, 46, 74, 'click', '2021-12-15 06:54:44', '2021-12-15 06:54:44'),
(607, 46, 75, 'visit', '2021-12-15 06:55:39', '2021-12-15 06:55:39'),
(608, 46, 75, 'click', '2021-12-15 06:55:43', '2021-12-15 06:55:43'),
(609, 46, 64, 'visit', '2021-12-15 06:56:41', '2021-12-15 06:56:41'),
(610, 46, 64, 'visit', '2021-12-15 06:58:15', '2021-12-15 06:58:15'),
(611, 46, 47, 'visit', '2021-12-15 06:58:17', '2021-12-15 06:58:17'),
(612, 46, 47, 'visit', '2021-12-15 06:58:39', '2021-12-15 06:58:39'),
(613, 46, 47, 'visit', '2021-12-15 06:58:45', '2021-12-15 06:58:45'),
(614, 46, 47, 'visit', '2021-12-15 06:58:50', '2021-12-15 06:58:50'),
(615, 46, 47, 'visit', '2021-12-15 07:01:27', '2021-12-15 07:01:27'),
(616, 46, 74, 'visit', '2021-12-15 07:01:56', '2021-12-15 07:01:56'),
(617, 46, 74, 'like', '2021-12-15 07:01:58', '2021-12-15 07:01:58'),
(618, 46, 74, 'visit', '2021-12-18 11:52:25', '2021-12-18 11:52:25'),
(619, 46, 74, 'visit', '2021-12-18 11:52:32', '2021-12-18 11:52:32'),
(620, 46, 58, 'visit', '2021-12-18 12:10:59', '2021-12-18 12:10:59'),
(621, 46, 74, 'visit', '2021-12-18 12:23:45', '2021-12-18 12:23:45'),
(622, 46, 74, 'click', '2021-12-18 12:26:50', '2021-12-18 12:26:50'),
(623, 46, 74, 'click', '2021-12-18 12:26:52', '2021-12-18 12:26:52'),
(624, 46, 74, 'click', '2021-12-18 12:27:05', '2021-12-18 12:27:05'),
(625, 46, 74, 'click', '2021-12-18 12:27:25', '2021-12-18 12:27:25'),
(626, 46, 74, 'visit', '2021-12-18 12:28:08', '2021-12-18 12:28:08'),
(627, 46, 74, 'visit', '2021-12-18 12:29:42', '2021-12-18 12:29:42'),
(628, 46, 74, 'visit', '2021-12-18 12:29:48', '2021-12-18 12:29:48'),
(629, 46, 74, 'visit', '2021-12-18 12:29:54', '2021-12-18 12:29:54'),
(630, 46, 74, 'visit', '2021-12-18 12:31:11', '2021-12-18 12:31:11'),
(631, 46, 43, 'visit', '2021-12-18 12:34:43', '2021-12-18 12:34:43'),
(632, 73, 66, 'visit', '2021-12-18 23:39:14', '2021-12-18 23:39:14'),
(633, 37, 66, 'visit', '2021-12-19 00:40:35', '2021-12-19 00:40:35'),
(634, 37, 64, 'visit', '2021-12-19 00:41:00', '2021-12-19 00:41:00'),
(635, 37, 66, 'visit', '2021-12-19 00:41:39', '2021-12-19 00:41:39'),
(636, 37, 66, 'visit', '2021-12-19 00:43:14', '2021-12-19 00:43:14'),
(637, 37, 66, 'visit', '2021-12-19 00:43:30', '2021-12-19 00:43:30'),
(638, 37, 66, 'visit', '2021-12-19 00:45:10', '2021-12-19 00:45:10'),
(639, 37, 66, 'visit', '2021-12-19 00:45:15', '2021-12-19 00:45:15'),
(640, 37, 66, 'visit', '2021-12-19 00:50:43', '2021-12-19 00:50:43'),
(641, 37, 66, 'visit', '2021-12-19 00:50:50', '2021-12-19 00:50:50'),
(642, 37, 43, 'visit', '2021-12-19 00:50:52', '2021-12-19 00:50:52'),
(643, 37, 43, 'visit', '2021-12-19 00:50:55', '2021-12-19 00:50:55'),
(644, 37, 64, 'visit', '2021-12-19 00:51:03', '2021-12-19 00:51:03'),
(645, 37, 64, 'visit', '2021-12-19 00:51:06', '2021-12-19 00:51:06'),
(646, 37, 47, 'visit', '2021-12-19 00:51:10', '2021-12-19 00:51:10'),
(647, 37, 47, 'visit', '2021-12-19 00:51:14', '2021-12-19 00:51:14'),
(648, 37, 47, 'visit', '2021-12-19 00:51:20', '2021-12-19 00:51:20'),
(649, 37, 64, 'visit', '2021-12-19 00:51:49', '2021-12-19 00:51:49'),
(650, 37, 64, 'visit', '2021-12-19 00:51:54', '2021-12-19 00:51:54'),
(651, 37, 64, 'visit', '2021-12-19 00:54:08', '2021-12-19 00:54:08'),
(652, 37, 47, 'visit', '2021-12-19 00:54:37', '2021-12-19 00:54:37'),
(653, 37, 70, 'visit', '2021-12-19 00:54:44', '2021-12-19 00:54:44'),
(654, 37, 64, 'visit', '2021-12-19 00:55:13', '2021-12-19 00:55:13'),
(655, 37, 74, 'visit', '2021-12-19 01:05:32', '2021-12-19 01:05:32'),
(656, 37, 74, 'visit', '2021-12-19 01:07:17', '2021-12-19 01:07:17'),
(657, 37, 77, 'visit', '2021-12-19 01:07:23', '2021-12-19 01:07:23'),
(658, 37, 78, 'visit', '2021-12-19 01:07:35', '2021-12-19 01:07:35'),
(659, 37, 70, 'visit', '2021-12-19 01:07:40', '2021-12-19 01:07:40'),
(660, 37, 64, 'visit', '2021-12-19 01:07:59', '2021-12-19 01:07:59'),
(661, 37, 64, 'visit', '2021-12-19 01:08:26', '2021-12-19 01:08:26'),
(662, 37, 64, 'visit', '2021-12-19 01:10:16', '2021-12-19 01:10:16'),
(663, 37, 64, 'visit', '2021-12-19 01:10:38', '2021-12-19 01:10:38'),
(664, 37, 64, 'visit', '2021-12-19 01:10:57', '2021-12-19 01:10:57'),
(665, 37, 64, 'visit', '2021-12-19 01:12:02', '2021-12-19 01:12:02'),
(666, 37, 66, 'visit', '2021-12-19 01:13:29', '2021-12-19 01:13:29'),
(667, 37, 78, 'visit', '2021-12-19 01:14:13', '2021-12-19 01:14:13'),
(668, 37, 64, 'visit', '2021-12-19 01:14:18', '2021-12-19 01:14:18'),
(669, 37, 64, 'visit', '2021-12-19 01:14:46', '2021-12-19 01:14:46'),
(670, 37, 64, 'visit', '2021-12-19 01:15:50', '2021-12-19 01:15:50'),
(671, 37, 64, 'like', '2021-12-19 01:15:52', '2021-12-19 01:15:52'),
(672, 37, 64, 'visit', '2021-12-19 01:22:55', '2021-12-19 01:22:55'),
(673, 37, 64, 'visit', '2021-12-19 01:24:49', '2021-12-19 01:24:49'),
(674, 37, 64, 'visit', '2021-12-19 01:28:08', '2021-12-19 01:28:08'),
(675, 37, 64, 'visit', '2021-12-19 07:54:20', '2021-12-19 07:54:20'),
(676, 37, 66, 'visit', '2021-12-19 07:54:35', '2021-12-19 07:54:35'),
(677, 37, 66, 'visit', '2021-12-19 07:56:19', '2021-12-19 07:56:19'),
(678, 37, 64, 'visit', '2021-12-19 07:56:35', '2021-12-19 07:56:35'),
(679, 37, 64, 'visit', '2021-12-19 08:00:32', '2021-12-19 08:00:32'),
(680, 37, 64, 'visit', '2021-12-19 08:02:00', '2021-12-19 08:02:00'),
(681, 37, 66, 'visit', '2021-12-19 08:02:07', '2021-12-19 08:02:07'),
(682, 46, 79, 'visit', '2021-12-24 01:38:08', '2021-12-24 01:38:08'),
(683, 46, 79, 'visit', '2021-12-24 01:38:14', '2021-12-24 01:38:14'),
(684, 46, 76, 'visit', '2021-12-24 01:38:19', '2021-12-24 01:38:19'),
(685, 46, 79, 'visit', '2021-12-24 01:38:23', '2021-12-24 01:38:23'),
(686, 46, 79, 'visit', '2021-12-24 01:38:34', '2021-12-24 01:38:34'),
(687, 46, 79, 'visit', '2021-12-24 01:38:55', '2021-12-24 01:38:55'),
(688, 46, 79, 'visit', '2021-12-24 01:39:01', '2021-12-24 01:39:01'),
(689, 46, 79, 'visit', '2021-12-24 01:39:07', '2021-12-24 01:39:07'),
(690, 46, 79, 'visit', '2021-12-24 01:39:20', '2021-12-24 01:39:20'),
(691, 46, 79, 'visit', '2021-12-24 01:39:31', '2021-12-24 01:39:31'),
(692, 46, 79, 'visit', '2021-12-24 01:39:47', '2021-12-24 01:39:47'),
(693, 46, 79, 'visit', '2021-12-24 07:46:27', '2021-12-24 07:46:27'),
(694, 46, 79, 'click', '2021-12-24 07:46:29', '2021-12-24 07:46:29'),
(695, 46, 79, 'click', '2021-12-24 07:46:53', '2021-12-24 07:46:53'),
(696, 46, 79, 'click', '2021-12-24 07:46:56', '2021-12-24 07:46:56'),
(697, 46, 79, 'visit', '2021-12-24 07:47:02', '2021-12-24 07:47:02'),
(698, 46, 79, 'visit', '2021-12-24 07:47:12', '2021-12-24 07:47:12'),
(699, 46, 79, 'visit', '2021-12-24 07:47:31', '2021-12-24 07:47:31'),
(700, 46, 79, 'visit', '2021-12-24 07:47:48', '2021-12-24 07:47:48'),
(701, 46, 79, 'visit', '2021-12-24 07:47:50', '2021-12-24 07:47:50'),
(702, 46, 79, 'like', '2021-12-24 07:48:09', '2021-12-24 07:48:09'),
(703, 46, 70, 'visit', '2021-12-25 20:42:01', '2021-12-25 20:42:01'),
(704, 46, 64, 'visit', '2021-12-25 20:42:07', '2021-12-25 20:42:07'),
(705, 46, 70, 'visit', '2021-12-25 20:42:15', '2021-12-25 20:42:15'),
(706, 46, 70, 'visit', '2021-12-25 20:42:33', '2021-12-25 20:42:33'),
(707, 46, 76, 'visit', '2021-12-25 20:56:58', '2021-12-25 20:56:58'),
(708, 46, 69, 'visit', '2021-12-25 21:09:09', '2021-12-25 21:09:09'),
(709, 46, 69, 'visit', '2021-12-25 21:09:58', '2021-12-25 21:09:58'),
(710, 46, 69, 'click', '2021-12-25 21:10:24', '2021-12-25 21:10:24'),
(711, 46, 69, 'visit', '2021-12-25 21:11:48', '2021-12-25 21:11:48'),
(712, 46, 69, 'visit', '2021-12-25 21:12:01', '2021-12-25 21:12:01'),
(713, 46, 64, 'visit', '2021-12-25 21:12:59', '2021-12-25 21:12:59'),
(714, 46, 62, 'visit', '2021-12-25 21:22:06', '2021-12-25 21:22:06'),
(715, 46, 69, 'visit', '2021-12-25 22:17:39', '2021-12-25 22:17:39'),
(716, 46, 69, 'visit', '2021-12-25 22:18:20', '2021-12-25 22:18:20'),
(717, 46, 76, 'visit', '2021-12-25 22:18:47', '2021-12-25 22:18:47'),
(718, 46, 76, 'click', '2021-12-25 22:23:21', '2021-12-25 22:23:21'),
(719, 46, 69, 'visit', '2021-12-25 22:23:28', '2021-12-25 22:23:28'),
(720, 46, 69, 'click', '2021-12-25 22:23:31', '2021-12-25 22:23:31'),
(721, 38, 66, 'visit', '2021-12-28 04:32:08', '2021-12-28 04:32:08'),
(722, 38, 66, 'visit', '2021-12-28 04:34:03', '2021-12-28 04:34:03'),
(723, 38, 66, 'visit', '2021-12-28 04:35:04', '2021-12-28 04:35:04'),
(724, 38, 66, 'visit', '2021-12-28 04:36:19', '2021-12-28 04:36:19'),
(725, 38, 66, 'visit', '2021-12-28 04:37:35', '2021-12-28 04:37:35'),
(726, 38, 66, 'visit', '2021-12-28 04:38:45', '2021-12-28 04:38:45'),
(727, 38, 66, 'visit', '2021-12-28 04:39:39', '2021-12-28 04:39:39'),
(728, 38, 66, 'visit', '2021-12-28 04:42:05', '2021-12-28 04:42:05'),
(729, 38, 66, 'visit', '2021-12-28 04:42:39', '2021-12-28 04:42:39'),
(730, 38, 66, 'click', '2021-12-28 04:42:55', '2021-12-28 04:42:55'),
(731, 38, 66, 'visit', '2021-12-28 04:43:46', '2021-12-28 04:43:46'),
(732, 38, 66, 'click', '2021-12-28 04:44:04', '2021-12-28 04:44:04'),
(733, 38, 66, 'visit', '2021-12-28 04:45:33', '2021-12-28 04:45:33'),
(734, 38, 70, 'visit', '2022-01-05 05:24:24', '2022-01-05 05:24:24'),
(735, 38, 70, 'visit', '2022-01-05 05:24:29', '2022-01-05 05:24:29'),
(736, 38, 64, 'visit', '2022-01-05 05:29:24', '2022-01-05 05:29:24'),
(737, 38, 64, 'visit', '2022-01-05 05:29:46', '2022-01-05 05:29:46'),
(738, 38, 64, 'visit', '2022-01-05 05:30:24', '2022-01-05 05:30:24'),
(739, 38, 64, 'visit', '2022-01-05 05:30:31', '2022-01-05 05:30:31'),
(740, 38, 64, 'visit', '2022-01-05 05:30:33', '2022-01-05 05:30:33'),
(741, 38, 64, 'visit', '2022-01-05 05:30:36', '2022-01-05 05:30:36'),
(742, 38, 64, 'visit', '2022-01-05 05:30:38', '2022-01-05 05:30:38'),
(743, 38, 64, 'visit', '2022-01-05 05:31:09', '2022-01-05 05:31:09'),
(744, 38, 64, 'visit', '2022-01-05 06:19:24', '2022-01-05 06:19:24'),
(745, 38, 64, 'visit', '2022-01-05 06:19:28', '2022-01-05 06:19:28'),
(746, 38, 64, 'visit', '2022-01-05 06:19:59', '2022-01-05 06:19:59'),
(747, 38, 64, 'visit', '2022-01-05 06:20:02', '2022-01-05 06:20:02'),
(748, 38, 64, 'visit', '2022-01-05 06:20:28', '2022-01-05 06:20:28'),
(749, 38, 64, 'visit', '2022-01-05 06:21:00', '2022-01-05 06:21:00'),
(750, 38, 70, 'visit', '2022-01-05 06:21:03', '2022-01-05 06:21:03'),
(751, 38, 64, 'visit', '2022-01-05 06:21:06', '2022-01-05 06:21:06'),
(752, 37, 64, 'visit', '2022-01-08 00:52:21', '2022-01-08 00:52:21'),
(753, 37, 80, 'visit', '2022-01-08 00:53:44', '2022-01-08 00:53:44'),
(754, 37, 43, 'visit', '2022-01-08 00:56:04', '2022-01-08 00:56:04'),
(755, 37, 64, 'visit', '2022-01-08 01:00:37', '2022-01-08 01:00:37'),
(756, 82, 81, 'visit', '2022-01-08 21:31:45', '2022-01-08 21:31:45'),
(757, 82, 81, 'visit', '2022-01-08 21:31:50', '2022-01-08 21:31:50'),
(759, 82, 81, 'like', '2022-01-08 21:33:31', '2022-01-08 21:33:31'),
(760, 83, 76, 'visit', '2022-01-13 08:18:10', '2022-01-13 08:18:10'),
(761, 83, 76, 'visit', '2022-01-13 08:18:13', '2022-01-13 08:18:13'),
(762, 83, 79, 'visit', '2022-01-13 08:18:15', '2022-01-13 08:18:15'),
(763, 83, 76, 'visit', '2022-01-13 08:18:20', '2022-01-13 08:18:20'),
(764, 83, 76, 'visit', '2022-01-13 08:19:57', '2022-01-13 08:19:57'),
(765, 46, 88, 'visit', '2022-04-01 22:52:17', '2022-04-01 22:52:17'),
(766, 46, 90, 'visit', '2022-04-01 23:12:37', '2022-04-01 23:12:37'),
(767, 46, 90, 'visit', '2022-04-01 23:20:03', '2022-04-01 23:20:03'),
(768, 101, 100, 'visit', '2022-05-28 06:37:17', '2022-05-28 06:37:17'),
(769, 101, 100, 'visit', '2022-05-28 06:37:40', '2022-05-28 06:37:40'),
(770, 101, 100, 'click', '2022-05-28 06:37:42', '2022-05-28 06:37:42');

-- --------------------------------------------------------

--
-- Table structure for table `users`
--

CREATE TABLE `users` (
  `id` int(10) UNSIGNED NOT NULL,
  `name` varchar(191) COLLATE utf8mb4_unicode_ci NOT NULL,
  `email` varchar(191) COLLATE utf8mb4_unicode_ci DEFAULT NULL,
  `phone` varchar(191) COLLATE utf8mb4_unicode_ci DEFAULT NULL,
  `password` varchar(191) COLLATE utf8mb4_unicode_ci DEFAULT NULL,
  `role` enum('admin','employee','customer','vendor') COLLATE utf8mb4_unicode_ci NOT NULL,
  `status` enum('active','blocked','review') COLLATE utf8mb4_unicode_ci NOT NULL,
  `device_token` varchar(191) COLLATE utf8mb4_unicode_ci DEFAULT NULL,
  `device_type` varchar(191) COLLATE utf8mb4_unicode_ci DEFAULT NULL,
  `facebook_id` varchar(191) COLLATE utf8mb4_unicode_ci DEFAULT NULL,
  `city_id` int(10) UNSIGNED DEFAULT NULL,
  `lang` varchar(10) COLLATE utf8mb4_unicode_ci NOT NULL DEFAULT 'en',
  `login_count` int(11) NOT NULL DEFAULT '0',
  `remember_token` varchar(100) COLLATE utf8mb4_unicode_ci DEFAULT NULL,
  `created_at` timestamp NULL DEFAULT NULL,
  `updated_at` timestamp NULL DEFAULT NULL
) ENGINE=InnoDB DEFAULT CHARSET=utf8mb4 COLLATE=utf8mb4_unicode_ci;

--
-- Dumping data for table `users`
--

INSERT INTO `users` (`id`, `name`, `email`, `phone`, `password`, `role`, `status`, `device_token`, `device_type`, `facebook_id`, `city_id`, `lang`, `login_count`, `remember_token`, `created_at`, `updated_at`) VALUES
(1, 'super admin', 'admin@zefaf.com', NULL, '$2y$10$8Z5BF04p5RKmu.PJiJFMdOWcAWd8.QuNMUhm8WAWEYRgNTyhxL6v.', 'admin', 'active', NULL, NULL, NULL, NULL, 'en', 0, 'f057HYNrCY9R80mt2JSDNVW9vLWVHXwylBTXQTrO6xAK46dWUHdND9Qs0hHS', '2021-06-06 07:13:30', '2021-06-06 07:13:30'),
(4, 'Data Entry', 'utesting@yahoo.com', NULL, '$2y$10$zX6sNOX9pMTK43MIngJ6Q.cw16tz6wc8qhUYzd7ZZBnWszrTLP9VW', 'employee', 'active', NULL, NULL, NULL, NULL, 'en', 0, 'e3rlYSIKbvw2tzyzf7LBCrFuoBgCfYWAtclE9Fv03V1OYF0BBlDs2KHN4tGA', '2021-06-22 08:11:39', '2021-06-22 08:11:39'),
(36, 'Sobhy', 'sobhyalbert2015@gmail.com', '01012998865', '$2y$10$mmEIYn0Z0Fx5ZBsvZXWh8eq4GtCzbd9gOn1wcT4UypRaiu5.0jmXm', 'customer', 'active', NULL, NULL, NULL, 4, 'ar', 2, NULL, '2021-11-14 08:16:03', '2021-11-30 08:07:36'),
(37, 'tarek', 'tarek@gmail.com', '12345678', '$2y$10$1XNWtg.ikcidWptWfp57zuOl82pxV7k1bC2GfxC7N6ERfI8WmV65S', 'customer', 'active', 'tessstDeviceToken', 'android', NULL, 1, 'en', 9, NULL, '2021-11-14 15:09:33', '2022-01-08 00:51:56'),
(38, 'AHmed Tarek Nasef', 'ahmed@gmail.com', '1122334455', '$2y$10$qc4SLD6PpCFOUZ3e3wbmrubaQLPaIBEYQrZJesRtDKl/J6AYjdeJm', 'customer', 'active', NULL, NULL, NULL, 1, 'en', 50, NULL, '2021-11-14 15:42:55', '2022-01-08 00:50:02'),
(39, 'TarekVendor', 'tarekVendor@gmail.com', '112211221122', '$2y$10$M4RuRoJO5s6ln46RgulQPuXDyPcF/t8dY4jT5RFvx6pYe0gvSJgu2', 'vendor', 'active', NULL, NULL, NULL, 1, 'ar', 44, NULL, '2021-11-14 16:14:23', '2022-01-08 00:50:43'),
(40, 'mahmoud salem', 'ma12@yahoo.com', '01005107135', '$2y$10$M4RuRoJO5s6ln46RgulQPuXDyPcF/t8dY4jT5RFvx6pYe0gvSJgu2', 'customer', 'active', 'test', 'test', NULL, 1, 'en', 5, NULL, '2021-11-16 10:00:34', '2021-11-30 05:49:24'),
(41, 'Mohamed Hatem', 'Hatem@hatem.com', '12234532244', '$2y$10$7DnslO8lQ3wcAQMj4k2LeeDeOQdNDqcF7K.R7Qe15CZ/r/5ombJ.O', 'customer', 'active', '94d04c3f-1fcf-4f34-a21b-44c9f3cae18c', 'android', NULL, 1, 'en', 8, NULL, '2021-11-19 06:10:37', '2021-11-19 11:35:04'),
(42, 'Hatem', 'hatem1@hatem.com', '22322332233', '$2y$10$uqvqj97vCvhsnLbdd5c71u/5Gqmrew7pk7uS23MioNum6tYJKLccq', 'vendor', 'active', NULL, NULL, NULL, NULL, 'en', 6, NULL, '2021-11-19 06:41:27', '2021-12-21 04:27:01'),
(43, 'Helnan', 'helnan@helnan.com', '01128374475', '$2y$10$B0LzPfhNIr0rovFwOAdwIetrCtHisD3jrarmm4ByNnh3UT7tQpko2', 'vendor', 'active', '94d04c3f-1fcf-4f34-a21b-44c9f3cae18c', 'android', NULL, NULL, 'en', 1, NULL, '2021-11-19 11:23:48', '2021-11-19 11:25:23'),
(44, 'mahmoud salem', 'ma24@yahoo.com', '01005107188', '$2y$10$fso3jPi7p4egUsuepKMPgee3DSpN4aWI1kb67.YwydBqcrLunvP96', 'vendor', 'blocked', 'c2d21738-5ae2-464d-82c1-5301f2d0bf83', 'android', NULL, 1, 'en', 1, NULL, '2021-11-19 23:00:34', '2021-11-27 06:41:57'),
(45, 'Milestone support', 'qc.milestone.apps@gmail.com', '01212653930', '$2y$10$P3bam0zWp8y62GvVGYctJup1NugCwxV4Jg8whhGTbdmCcfb6c.kay', 'customer', 'active', NULL, NULL, NULL, 1, 'en', 6, NULL, '2021-11-20 00:05:06', '2022-04-07 21:23:18'),
(46, 'Aya El Ezaiza', 'Aya@aya.com', '01128472273', '$2y$10$Ma186YYar.UaOlWXhlQZi.i6Xf.HQ49XjQFY1mQUxsipG9IV9VOz6', 'customer', 'active', '94d04c3f-1fcf-4f34-a21b-44c9f3cae18c', 'android', NULL, 1, 'en', 35, NULL, '2021-11-20 01:51:22', '2022-04-01 23:14:01'),
(47, 'مجوهرات صبحي', 'test@zefaf.com', '01030222173', '$2y$10$e7X/ly5.EDMlhUk1fLbY3uh2Tk7EeaEj6hNN.mvszZtkm5/lni6NC', 'vendor', 'active', 'test', 'test', NULL, NULL, 'en', 9, NULL, '2021-11-20 02:40:53', '2021-12-01 04:36:49'),
(48, 'sobhy', 'soby@zefaf.com', '01005107199', '$2y$10$ZvevF8WL7VSCXwrnAnPOI.vezIKqNmPQe6yKZmaA0PVWhLKl8YiBa', 'customer', 'active', NULL, NULL, NULL, 1, 'en', 2, NULL, '2021-11-20 02:53:18', '2021-11-20 02:54:33'),
(49, 'Mahmoud Abbas', 'mahmoud.abbas.fawzy@gmail.com', '01005710499', '$2y$10$1uET1oDN1OrzT6pP8zqr4.ovxxnWpRdbQeTkFhSL3JAfTP2tfv6Jm', 'customer', 'active', NULL, NULL, NULL, 1, 'en', 1, NULL, '2021-11-20 02:55:07', '2021-11-20 02:55:21'),
(50, 'Sobhy', 'sobhyalbert2000@gmail.com', '01223282855', '$2y$10$SiTE4MshNRQMnYFh2b0X5.4tzSVIn9tNoLS8WaZbjn8xkw539ULja', 'customer', 'active', NULL, NULL, NULL, 1, 'en', 1, NULL, '2021-11-20 02:56:49', '2021-11-20 02:57:05'),
(51, 'weee', 'weee@gmail.com', '123123123', '$2y$10$0NfDk7iJKJeABJP0QZ4fTeidZr/Yl1cT1xWYQZ.lroIBPUzukSh7G', 'vendor', 'review', 'tessstDeviceToken', 'android', NULL, 1, 'ar', 0, NULL, '2021-11-20 03:51:07', '2021-11-20 03:51:07'),
(52, 'weww', 'weewe@gmail.com', '12333123', '$2y$10$vN//F4MsFNSL4028AAvedui6364aeJ2C9XdjsZef3As1c.AkdHjT6', 'vendor', 'review', 'tessstDeviceToken', 'android', NULL, 1, 'ar', 0, NULL, '2021-11-20 03:52:40', '2021-11-20 03:52:40'),
(53, 'wewwee', 'wewew@gmail.com', '312312313', '$2y$10$I6TjxIrV9efq9MdgnYPqruZdZ1lOXNO1gNHDgPyZoCz3DFV0QBHKa', 'vendor', 'active', 'tessstDeviceToken', 'android', NULL, 1, 'ar', 0, NULL, '2021-11-20 03:53:36', '2021-11-20 03:53:36'),
(54, 'weeeee', 'wee@gmail.com', '1231233333', '$2y$10$prWuKfnU3z2HLAViY9Qr9.OXAoCwdDaAX7By6VjFcJlADsGS0Z9lS', 'customer', 'active', NULL, NULL, NULL, 1, 'ar', 1, NULL, '2021-11-20 03:54:11', '2021-11-20 03:54:22'),
(55, 'testt', 'test2@gmail.com', '21231231', '$2y$10$Hokp8eG7Bd8.B0KjAQcc4ODP9NZ9FThdcIg5K7ZQAUg3nxKmiRptS', 'vendor', 'active', NULL, NULL, NULL, 1, 'en', 22, NULL, '2021-11-20 07:45:36', '2021-12-12 05:08:16'),
(56, 'sob7y', 'sob7y@gmail.com', '123456789', '$2y$10$BEDx.vIPE5seGVIMOUfsYuSF2MQrG2YRCBVxR32/Rmg5gGfZXb0WK', 'customer', 'active', NULL, NULL, NULL, 1, 'ar', 1, NULL, '2021-11-20 08:15:37', '2021-11-20 08:24:49'),
(57, 'photo', 'photo@gmail.com', '11223344', '$2y$10$o7p1FaWWxt4l2KcFSqFFJuEvnnHbMppMsnZ7x.v4S/fQF4mI98YqG', 'vendor', 'active', NULL, NULL, NULL, 1, 'ar', 1, NULL, '2021-11-20 08:30:09', '2021-11-20 08:30:44'),
(58, 'Ahmed Jewelry', 'Ahmed@jewelry.com', '01128462261', '$2y$10$SxKeM8MYlR/n1UiINY5DveucUU8tYuF6eA.jRtsw3GzE.MBsTJtQS', 'vendor', 'active', NULL, NULL, NULL, 1, 'en', 4, NULL, '2021-11-20 20:20:28', '2021-11-26 01:35:16'),
(59, 'Mo Afifi', 'mo@mo.com', '01124552144', '$2y$10$jkIzdYV5Kfy/yqluTaVQnOWjuyJkzc3isWsDk.w.wnlFc9aUWMmr.', 'customer', 'active', NULL, NULL, NULL, 1, 'en', 4, NULL, '2021-11-20 20:29:23', '2021-11-20 23:52:35'),
(60, 'Ahella', 'Ahella@ahella.com', '0122747478', '$2y$10$GlRn7y6/olUZAQPVYQEp/OO4hIT7AqXTofU4eIWUWi7M99OMVOPM2', 'customer', 'active', NULL, NULL, NULL, 1, 'en', 1, NULL, '2021-11-26 01:38:35', '2021-11-26 01:40:03'),
(61, 'Abella emad', 'Ahella1@ahella.com', '01127744554', '$2y$10$11y0/gpodRjxaeauGopsTeOYFHrnUGqEZ3vBlYv5wXV0avbRp95NG', 'vendor', 'active', '94d04c3f-1fcf-4f34-a21b-44c9f3cae18c', 'android', NULL, 1, 'en', 0, NULL, '2021-11-26 01:45:07', '2021-11-26 01:49:57'),
(62, 'Ahella', 'ahella2@ahella.com', '01233445566', '$2y$10$32r5keLcASruSYahEd2ylOeI.RiVB9FgYzRz9RRbfFHSN0HxkFO6W', 'vendor', 'active', NULL, NULL, NULL, 1, 'en', 1, NULL, '2021-11-26 01:48:06', '2021-11-26 01:56:59'),
(63, 'Ahmed gold', 'Gold@gold.com', '01138447222', '$2y$10$aRC.mLvds3WaW7lHZeRruOLJMR.CX.renw7pkS8GGEJdml0VsnpLe', 'vendor', 'review', '94d04c3f-1fcf-4f34-a21b-44c9f3cae18c', 'android', NULL, 1, 'en', 0, NULL, '2021-11-30 07:58:41', '2021-11-30 07:58:41'),
(64, 'Ahmed Goldyyyy', 'goldy@goldy.com', '06644331664', '$2y$10$JjIUzcYNPEIB7FoOJ9Vsx.pio/A38MEuZQhqlkK3BHz0GIJJYUpli', 'vendor', 'active', NULL, NULL, NULL, 1, 'en', 6, NULL, '2021-11-30 08:04:29', '2021-12-18 12:15:09'),
(65, 'Test', 'Test@test.com', '01234567890', '$2y$10$jLa/.ifcEMGdsHArfvMD/.BoW7i7HJ4SUKpanAa9tKCXOOeWN9XzW', 'customer', 'active', '1408c145-4003-4e0a-b234-5f4f377b83a5', 'android', NULL, 4, 'en', 4, NULL, '2021-11-30 08:30:03', '2022-05-28 06:47:24'),
(66, 'Support vendor', 'ssgtester@yahoo.com', '01212653936', '$2y$10$iFuuK4owMbz8rgYcOUxAUOAOdci9z36HDe0KoCBc3ebQZEzdrkesK', 'vendor', 'active', NULL, NULL, NULL, 1, 'en', 3, NULL, '2021-11-30 08:36:48', '2021-11-30 08:54:59'),
(67, 'Mooo', 'motarek5392@gmail.com', '7788999999', '$2y$10$P813VKFVZNmQ/VTKKwdzq.YYmRQKjaJesMQYVB5339YkK6axurpm2', 'customer', 'active', NULL, NULL, NULL, 1, 'ar', 1, NULL, '2021-11-30 21:43:41', '2021-11-30 22:54:52'),
(68, 'محمود سالم', 'mahmudsalem.eg@gmail.com', '01065833750', '$2y$10$jmwjBeED0Uu8B5M7xSWqjOWbQiqYyoacV6L4BwmCB9DSykNlk8Xvm', 'vendor', 'active', 'c2d21738-5ae2-464d-82c1-5301f2d0bf83', 'android', NULL, 1, 'en', 1, NULL, '2021-12-01 04:10:20', '2021-12-01 04:21:39'),
(69, 'Ahmed photo', 'Mothepharogh@gmail.com', '03366337844', '$2y$10$lehHA91THn65oGWaLM0Ri.ID9wWxnYO6eSzmgNmHa9sgDWgvnCL3m', 'vendor', 'active', NULL, NULL, NULL, 1, 'en', 2, NULL, '2021-12-10 18:15:54', '2021-12-10 19:58:39'),
(70, 'Hema Gold', 'Hema@gold.com', '01183742211', '$2y$10$l0L3r9/9RbnD/zVq7ioPseMNZnBKlh9VcbE/B7DgfBF8cMyVYn9Ia', 'vendor', 'active', NULL, NULL, NULL, 4, 'en', 5, NULL, '2021-12-10 20:00:06', '2021-12-18 12:12:46'),
(71, 'Ahmed Hassan', 'Moafifi96@gmail.com', '01183775532', '$2y$10$2UBRew6kXvKH5UOt.Ydi4eM9u6sms7hSDdVKvT1jhuSYQSv2Eo/Wy', 'customer', 'active', NULL, NULL, NULL, 1, 'en', 1, NULL, '2021-12-10 20:30:08', '2021-12-10 20:30:29'),
(72, 'Samira Sa3eed', 's@s.com', '04473882888', '$2y$10$VuFsvJBOT9r/xia7LE0e.O/X3wjabfM5qmObCbSz0W22MpF.1YAEa', 'vendor', 'active', '94d04c3f-1fcf-4f34-a21b-44c9f3cae18c', 'android', NULL, 1, 'en', 1, NULL, '2021-12-10 20:37:20', '2021-12-10 20:37:31'),
(73, 'Mooooo', 'Mo@gmail.com', '123456123', '$2y$10$n853GaGi1gyGBvvjNrxPnuyIWziDvdxvht8rFS39YcNLLgefXpbJO', 'customer', 'active', NULL, NULL, NULL, 1, 'en', 5, NULL, '2021-12-12 03:12:53', '2021-12-18 23:54:42'),
(74, 'Ahmed sweet', 'Mothepharoh@gmail.com', '01183774588', '$2y$10$k8rpOEKt.w6tVzTsTHx.J.9G01/vQv4310NK00SoJb553DqhcZR5u', 'vendor', 'active', '94d04c3f-1fcf-4f34-a21b-44c9f3cae18c', 'android', NULL, 1, 'en', 10, NULL, '2021-12-15 05:49:28', '2022-05-12 03:35:52'),
(75, 'Samir Spot', 'b@b.com', '04455669988', '$2y$10$3ZkD8.vs75SsD/iwpGh8AOqM/mD.f3R7mAan8syTh/9tgQh5L07a.', 'vendor', 'active', NULL, NULL, NULL, 1, 'en', 3, NULL, '2021-12-15 06:18:38', '2021-12-18 11:08:38'),
(76, 'foodie samar', 'c@c.com', '05566998877', '$2y$10$EX984qk82HErPyU/hD3H9O775f9WuJKc16EYqMhc01Toj9QeLZWRG', 'vendor', 'active', NULL, NULL, NULL, 1, 'en', 2, NULL, '2021-12-15 06:23:01', '2021-12-18 11:25:03'),
(77, 'Xyzt', 'G@g.com', '05544668866', '$2y$10$Ye7Qfa9T.SMDFZcPfJCuweTk0WVvcSj9AoqklA8m1wBdmvX4hpxwK', 'vendor', 'active', NULL, NULL, NULL, 1, 'en', 4, NULL, '2021-12-18 11:54:52', '2022-05-28 06:35:21'),
(78, 'So by kaber', 'P@p.com', '02288448833', '$2y$10$EQtC8SKkIeAigBkQHwxayOHAFqEcMt3FUqBfDeibY/AUrW7icCSMi', 'vendor', 'active', NULL, NULL, NULL, 1, 'en', 1, NULL, '2021-12-18 12:06:55', '2021-12-18 12:09:28'),
(79, 'K cater', 'H@h.com', '02233774466', '$2y$10$1OVktRf3fgd8ahWOFuQwCebqGFWZIIGKNUOovcG5LmOStmZZzrTw6', 'vendor', 'active', NULL, NULL, NULL, 1, 'en', 3, NULL, '2021-12-23 21:07:19', '2021-12-25 22:16:36'),
(80, 'Ahmed G', 'J1@j.com', '02233772288', '$2y$10$z5OFVPT/ex2V716lhfqpb.WqHF9nieMWJIOeN80olPPkpuEhX/K72', 'vendor', 'active', NULL, NULL, NULL, 1, 'en', 1, NULL, '2021-12-24 07:55:05', '2021-12-25 20:41:16'),
(81, 'Loka jewerly', 'Z@z.co', '01737744662', '$2y$10$B5/t486Z7qDUEZmesFAnIuMwVQndiu5MqqKyIVai9UdRfuIY1EVQ6', 'vendor', 'active', NULL, NULL, NULL, 1, 'en', 1, NULL, '2022-01-08 21:15:24', '2022-01-08 21:23:43'),
(82, 'MoThePharoh', 'Mothepharoh1@gmail.com', '02266338844', '$2y$10$C68dqQ9p4yNKbMe7u0JQZ.swn/j0Au3qbUsYjurUp8H1de3M9DdUS', 'customer', 'active', NULL, NULL, NULL, 1, 'en', 1, NULL, '2022-01-08 21:25:53', '2022-01-08 22:12:16'),
(83, 'Ahmed aziza', 'Ahmedaziza10111@gmail.com', '02233771188', '$2y$10$GZfIqcmzSo0X3tXeqXzqmuUmrDIWyEkStQp3I6K2SEYdrGYotu/gy', 'customer', 'active', NULL, NULL, NULL, 4, 'en', 9, NULL, '2022-01-13 07:47:00', '2022-04-01 22:29:52'),
(84, 'Samir Photo', 'Sa@sa.com', '02233772281', '$2y$10$AcSSuiYCFU16bWXReXpT/uyxtBZshXob1a.Jsb8v5T/VcpWoK7TT2', 'vendor', 'active', NULL, NULL, NULL, 1, 'en', 2, NULL, '2022-01-13 07:52:46', '2022-01-13 08:00:13'),
(85, 'Sara Makeup Artist', 'Ma@ma.com', '03377552288', '$2y$10$tlbqQgb06/8uPAeJuSBpKOnUTed03es1VCLD0T7whGWyhI6lQ4c56', 'vendor', 'active', NULL, NULL, NULL, 1, 'en', 2, NULL, '2022-01-13 08:02:22', '2022-01-13 08:13:01'),
(86, 'Vigo Caterer', 'V@v.com', '04466991111', '$2y$10$jXp85iIuxU9xXOKbz.WfbusxUO.WGRBmIWPvVSs9AjQpsWrNsmumy', 'vendor', 'active', NULL, NULL, NULL, 1, 'en', 1, NULL, '2022-01-13 08:16:24', '2022-01-13 08:16:59'),
(87, 'Sheraton', 'Testhotel@zefaf.com', '01005710450', '$2y$10$udPKGFlFN6pjNlF2GDYHzeO3gyww0bVC8zd83EiYTzKWe1KmxwKcG', 'vendor', 'active', NULL, NULL, NULL, 1, 'en', 1, NULL, '2022-01-17 05:32:57', '2022-01-17 06:04:30'),
(88, 'Ki hotel', 'Ki@ki.com', '03311887766', '$2y$10$ByLfrHSbun5k5.28bdRfEeDiDMZH1bvmGy74b1Wou0w9ys0Zq.ZYS', 'vendor', 'active', NULL, NULL, NULL, 1, 'en', 1, NULL, '2022-04-01 22:35:13', '2022-04-01 22:43:20'),
(89, 'Ke photo', 'Ke@ke.com', '02288117766', '$2y$10$Pty7vhETv6guwtPkpcg3kuDAZPELusRpjwcoVBMmpfq9PZvZdEw/a', 'vendor', 'active', NULL, NULL, NULL, 4, 'en', 3, NULL, '2022-04-01 22:44:59', '2022-04-01 23:00:46'),
(90, 'Ko jewerly', 'Ko@ko.com', '05588227744', '$2y$10$9rKq4EcXFVZSaqeZ.ZwS1O.k5zkS5eBgXKZa.PhYx1mSNgLyN2sWa', 'vendor', 'active', NULL, NULL, NULL, 1, 'en', 2, NULL, '2022-04-01 23:05:31', '2022-04-01 23:13:49'),
(91, 'Mo jewerly', 'Moaymanafifi@gmail.com', '77277338844', '$2y$10$9eHjvmpNqZmraaOk8Mgzv.NEa29F1YNxwa6BMrRy9y0V7n8CTuNQ6', 'vendor', 'active', '94d04c3f-1fcf-4f34-a21b-44c9f3cae18c', 'android', NULL, 1, 'en', 0, NULL, '2022-05-12 01:27:32', '2022-05-12 01:28:17'),
(92, 'Mohamed', 'O@o.com', '02233445566', '$2y$10$RWd8kP1xs7qagw1qbYZcSueT6DQjMnTcglg8Y5ncN/4LbmMpPgCJ6', 'customer', 'active', NULL, NULL, NULL, 1, 'en', 1, NULL, '2022-05-12 02:43:25', '2022-05-12 02:52:06'),
(93, 'Snobby photo', 'Sobhy@photo.com', '0226644772', '$2y$10$7tOv4IY.JtM9CWSvktJb6.cT1pZrVfKoiJzp.Ib0lqRFtvgpODfTm', 'vendor', 'review', NULL, NULL, NULL, 1, 'en', 1, NULL, '2022-05-12 02:56:07', '2022-05-12 03:23:06'),
(94, 'Mohamed Afifi', 'mothepharoh2@gmail.com', '05544778899', '$2y$10$V8OmkP9ivSrhKZHvCwwN6et/dUGc7oNmrfic8pM14F/tPag4sKnpu', 'vendor', 'review', NULL, NULL, NULL, 1, 'en', 0, NULL, '2022-05-19 03:46:36', '2022-05-19 03:46:36'),
(95, 'Test', 'test@admin.com', '01005107138', '$2y$10$ajRDyVhTVIOBVF8lhBqD/uQ1wDcwt7OYxBJfIByp6nIv2Ygwv.4tS', 'vendor', 'review', 'test', 'test', NULL, 1, 'en', 0, NULL, '2022-05-28 05:07:26', '2022-05-28 05:07:26'),
(96, 'Test', 'test1@admin.com', '010051071138', '$2y$10$I9hdvzAGf4n9GM3BQXyvp.P8GcIJWYE/YP3zI1EslBU/4YcdGL/bO', 'vendor', 'review', 'test', 'test', NULL, 1, 'en', 0, NULL, '2022-05-28 05:08:51', '2022-05-28 05:08:51'),
(97, 'Test', 'test212@admin.com', '01005107111', '$2y$10$BXNY/PLl/.lH3FXWoRim.eetyH5mo9w0NF5rxIEVhzSPHrB0nc7b6', 'vendor', 'review', 'test', 'test', NULL, 1, 'en', 0, NULL, '2022-05-28 05:58:00', '2022-05-28 05:58:00'),
(98, 'Test', 'test2121@admin.com', '01005107110', '$2y$10$NS8fzyNvlsdr2mApLeNtDeHEEBH3RAlFCWbRqhUdCXA6PF0WpnMS2', 'vendor', 'review', 'test', 'test', NULL, 1, 'en', 0, NULL, '2022-05-28 06:03:13', '2022-05-28 06:03:13'),
(99, 'Test', 'test21213@admin.com', '01005107117', '$2y$10$EAvylcmptrlYfGbd8ZEWDOl2gvjfwSJlZGPA.1a9lKnUDw30B67X6', 'vendor', 'review', 'test', 'test', NULL, 1, 'en', 0, NULL, '2022-05-28 06:08:03', '2022-05-28 06:08:03'),
(100, 'Test', 'test212143@admin.com', '010051071174', '$2y$10$aqCgkQLsBfElqpM2bcBiIe6WOGn6VKB6xYrRH282r6lHRjTMZEyOS', 'vendor', 'active', 'test', 'test', NULL, 1, 'en', 1, NULL, '2022-05-28 06:11:36', '2022-05-28 06:31:23'),
(101, 'Sobhy', 'sobhy@sure.com', '01012998866', '$2y$10$uDU2DAyveGev3xAqSwiJTORWGf8s7S38qzp22Hbn1RQ4O/HBxaX8m', 'customer', 'active', NULL, NULL, NULL, 1, 'en', 2, NULL, '2022-05-28 06:36:28', '2022-05-28 06:45:50'),
(102, 'Hassan rest', 'hs8266@gmail.com', '3448484887', '$2y$10$z.t6jUJwwninkxGWr5dIL.QUa/si8GGLJj3RMx2PDBlcPwM1oFHNm', 'customer', 'active', '48a3bab7-6996-46a0-bff9-8409682d087e', 'android', NULL, 1, 'en', 1, NULL, '2022-05-28 06:38:00', '2022-05-28 06:38:00'),
(103, 'Test', 'sobhy@sure.com.sa', '01012121212', '$2y$10$e2KBYN8zX65FmujZD9Dq2uJrMGiruTgwAafgx2CIPPmCgS/4ssqb6', 'vendor', 'active', NULL, NULL, NULL, 1, 'en', 1, NULL, '2022-05-28 06:39:54', '2022-05-28 06:42:04'),
(106, 'Iliana Johnson', 'radoveasdashu@mailinator.com', '69', '$2y$10$tZDDjVz65c8/WVrm6nQU9.IW.Pbgixi/VH8k0xmsB2224gtU.GpIu', 'vendor', 'active', NULL, NULL, NULL, 1, 'en', 0, NULL, '2022-06-06 04:40:00', '2022-06-06 04:40:00'),
(107, 'Iliana Johnson', 'radoveasdashasdau@mailinator.com', '6923123123', '$2y$10$3yDZE9iRSHg70YEEjyShOOwNF/3Ei1F67FBtOgdFCV.jBQ5kEgXBO', 'vendor', 'active', NULL, NULL, NULL, 1, 'en', 0, NULL, '2022-06-06 04:40:40', '2022-06-06 04:40:40'),
(108, 'Orla Sawyer', 'subolusej@mailinator.com', '48', '$2y$10$R0zfIloqMGbokZJ1lsc3guPN3QCsH70sV8B.R7HAzvSnkBg5rHF4G', 'vendor', 'active', NULL, NULL, NULL, 1, 'en', 0, NULL, '2022-06-06 04:59:17', '2022-06-06 04:59:17');

-- --------------------------------------------------------

--
-- Table structure for table `user_images`
--

CREATE TABLE `user_images` (
  `id` int(11) NOT NULL,
  `image` varchar(191) NOT NULL,
  `user_id` int(11) NOT NULL,
  `created_at` datetime NOT NULL,
  `updated_at` datetime NOT NULL
) ENGINE=InnoDB DEFAULT CHARSET=latin1;

--
-- Dumping data for table `user_images`
--

INSERT INTO `user_images` (`id`, `image`, `user_id`, `created_at`, `updated_at`) VALUES
(2, 'uploads/users/IMG_923961638127448.png', 47, '2021-11-27 23:36:49', '2021-11-27 23:36:49'),
(3, 'uploads/users/IMG_701111638094343.png', 47, '2021-11-27 23:36:54', '2021-11-27 23:36:54'),
(4, 'uploads/users/IMG_529391638072315.png', 47, '2021-11-27 23:36:57', '2021-11-27 23:36:57'),
(5, 'uploads/users/IMG_331551638052859.png', 47, '2021-11-27 23:36:59', '2021-11-27 23:36:59'),
(16, 'uploads/users/IMG_243711638088685.png', 47, '2021-11-27 23:44:12', '2021-11-27 23:44:12'),
(20, 'uploads/users/IMG_433091638081707.png', 47, '2021-11-28 00:12:59', '2021-11-28 00:12:59'),
(42, 'uploads/users/IMG_611281638151028.png', 39, '2021-11-28 00:49:10', '2021-11-28 00:49:10'),
(50, 'uploads/users/IMG_991391638289550.png', 66, '2021-11-30 01:41:02', '2021-11-30 01:41:02'),
(51, 'uploads/users/IMG_447081638265685.png', 66, '2021-11-30 01:41:02', '2021-11-30 01:41:02'),
(52, 'uploads/users/IMG_966701638280793.png', 66, '2021-11-30 01:41:02', '2021-11-30 01:41:02'),
(53, 'uploads/users/IMG_467091638296508.png', 66, '2021-11-30 01:41:02', '2021-11-30 01:41:02'),
(54, 'uploads/users/IMG_659941638235289.png', 66, '2021-11-30 01:41:03', '2021-11-30 01:41:03'),
(55, 'uploads/users/IMG_459781638318934.png', 68, '2021-11-30 21:25:42', '2021-11-30 21:25:42'),
(56, 'uploads/users/IMG_123621638340705.png', 68, '2021-11-30 21:25:49', '2021-11-30 21:25:49'),
(57, 'uploads/users/IMG_269741638347052.png', 68, '2021-11-30 21:42:11', '2021-11-30 21:42:11'),
(58, 'uploads/users/IMG_649361638787631.png', 64, '2021-12-06 00:53:24', '2021-12-06 00:53:24'),
(60, 'uploads/users/IMG_376241639185311.png', 69, '2021-12-10 11:21:50', '2021-12-10 11:21:50'),
(61, 'uploads/users/IMG_16471639197943.png', 69, '2021-12-10 11:44:59', '2021-12-10 11:44:59'),
(62, 'uploads/users/IMG_520921639158262.png', 69, '2021-12-10 11:44:59', '2021-12-10 11:44:59'),
(63, 'uploads/users/IMG_712341639162243.png', 70, '2021-12-10 13:00:06', '2021-12-10 13:00:06'),
(64, 'uploads/vendors/IMG_895651639209437.png', 72, '2021-12-10 13:37:20', '2021-12-10 13:37:20'),
(65, 'uploads/users/IMG_110161639163799.png', 70, '2021-12-10 13:42:17', '2021-12-10 13:42:17'),
(66, 'uploads/users/IMG_157811639528822.png', 74, '2021-12-14 22:49:28', '2021-12-14 22:49:28'),
(67, 'uploads/users/IMG_798921639600444.png', 74, '2021-12-14 22:59:06', '2021-12-14 22:59:06'),
(68, 'uploads/users/IMG_353601639556668.png', 74, '2021-12-14 22:59:06', '2021-12-14 22:59:06'),
(69, 'uploads/vendors/IMG_377051639594295.png', 75, '2021-12-14 23:18:38', '2021-12-14 23:18:38'),
(70, 'uploads/vendors/IMG_867861639532281.png', 76, '2021-12-14 23:23:01', '2021-12-14 23:23:01'),
(71, 'uploads/users/IMG_284431639598767.png', 76, '2021-12-14 23:24:38', '2021-12-14 23:24:38'),
(72, 'uploads/users/IMG_231941639831758.png', 77, '2021-12-18 04:54:52', '2021-12-18 04:54:52'),
(73, 'uploads/users/IMG_994341639850317.png', 78, '2021-12-18 05:06:55', '2021-12-18 05:06:55'),
(74, 'uploads/users/IMG_317971640297935.png', 79, '2021-12-23 14:07:19', '2021-12-23 14:07:19'),
(75, 'uploads/users/IMG_326651640334479.png', 79, '2021-12-23 14:10:03', '2021-12-23 14:10:03'),
(76, 'uploads/users/IMG_830651640285810.png', 79, '2021-12-23 14:10:03', '2021-12-23 14:10:03'),
(78, 'uploads/users/IMG_646111640483070.png', 80, '2021-12-25 13:38:08', '2021-12-25 13:38:08'),
(79, 'uploads/users/IMG_617321641688541.png', 81, '2022-01-08 14:15:24', '2022-01-08 14:15:24'),
(80, 'uploads/users/IMG_71931641698204.png', 81, '2022-01-08 14:17:57', '2022-01-08 14:17:57'),
(81, 'uploads/users/IMG_50421641658347.png', 81, '2022-01-08 14:17:57', '2022-01-08 14:17:57'),
(82, 'uploads/users/IMG_885241642069255.png', 84, '2022-01-13 00:52:46', '2022-01-13 00:52:46'),
(83, 'uploads/users/IMG_333801642073617.png', 85, '2022-01-13 01:02:22', '2022-01-13 01:02:22'),
(84, 'uploads/users/IMG_792521642077089.png', 86, '2022-01-13 01:16:24', '2022-01-13 01:16:24'),
(85, 'uploads/users/IMG_682631642369986.png', 87, '2022-01-16 22:32:57', '2022-01-16 22:32:57'),
(86, 'uploads/users/IMG_167071648866694.png', 88, '2022-04-01 15:35:13', '2022-04-01 15:35:13'),
(87, 'uploads/users/IMG_804001648839790.png', 89, '2022-04-01 15:44:59', '2022-04-01 15:44:59'),
(88, 'uploads/users/IMG_381311648851925.png', 90, '2022-04-01 16:05:31', '2022-04-01 16:05:31'),
(89, 'uploads/users/IMG_34451652350536.png', 91, '2022-05-11 18:27:32', '2022-05-11 18:27:32'),
(90, 'uploads/users/IMG_476081652326525.png', 93, '2022-05-11 19:56:07', '2022-05-11 19:56:07'),
(91, 'uploads/vendors/IMG_58291652933073.png', 94, '2022-05-18 20:46:36', '2022-05-18 20:46:36'),
(92, 'uploads/users/IMG_454171653693116.png', 103, '2022-05-27 23:39:54', '2022-05-27 23:39:54'),
(93, 'uploads/vendors/IMG_744551654467050.png', 106, '2022-06-05 21:40:00', '2022-06-05 21:40:00'),
(94, 'uploads/vendors/IMG_950651654524990.png', 107, '2022-06-05 21:40:40', '2022-06-05 21:40:40'),
(95, 'uploads/vendors/IMG_102911654524694.png', 108, '2022-06-05 21:59:17', '2022-06-05 21:59:17');

-- --------------------------------------------------------

--
-- Table structure for table `vendors`
--

CREATE TABLE `vendors` (
  `id` int(10) UNSIGNED NOT NULL,
  `user_id` int(10) UNSIGNED NOT NULL,
  `category_id` int(10) UNSIGNED NOT NULL,
  `from_price` int(11) NOT NULL,
  `to_price` int(11) NOT NULL,
  `membership_id` int(10) UNSIGNED DEFAULT NULL,
  `membership_duration` int(11) DEFAULT NULL,
  `membership_date` date DEFAULT NULL,
  `biography` varchar(255) COLLATE utf8mb4_unicode_ci NOT NULL,
  `website` varchar(191) COLLATE utf8mb4_unicode_ci DEFAULT NULL,
  `instagram` varchar(191) COLLATE utf8mb4_unicode_ci DEFAULT NULL,
  `facebook` varchar(191) COLLATE utf8mb4_unicode_ci DEFAULT NULL,
  `category_questions` varchar(191) COLLATE utf8mb4_unicode_ci DEFAULT NULL,
  `locations` text COLLATE utf8mb4_unicode_ci,
  `created_at` timestamp NULL DEFAULT NULL,
  `updated_at` timestamp NULL DEFAULT NULL
) ENGINE=InnoDB DEFAULT CHARSET=utf8mb4 COLLATE=utf8mb4_unicode_ci;

--
-- Dumping data for table `vendors`
--

INSERT INTO `vendors` (`id`, `user_id`, `category_id`, `from_price`, `to_price`, `membership_id`, `membership_duration`, `membership_date`, `biography`, `website`, `instagram`, `facebook`, `category_questions`, `locations`, `created_at`, `updated_at`) VALUES
(21, 39, 53, 123121, 3123, 4, 30, '2021-11-14', 'czxczxc', NULL, NULL, NULL, '{\"capacity_range\":\"678\"}', '[{\"name\":\"موقع الشركة\",\"location\":\"www.company.com\"},{\"name\":\"موقع المنزل\",\"location\":\"www.home.com\"}]', '2021-11-14 16:14:23', '2021-11-28 06:01:00'),
(22, 42, 53, 500, 1000, 5, 90, '2021-11-18', '123', NULL, NULL, NULL, NULL, NULL, '2021-11-19 06:41:27', '2021-11-19 06:41:27'),
(23, 43, 70, 300, 1000, 5, 90, '2021-11-19', 'Hello my name is Helnan', NULL, NULL, NULL, NULL, NULL, '2021-11-19 11:23:48', '2021-11-19 11:23:48'),
(24, 44, 70, 10, 20, 4, 30, '2021-11-19', 'biography biography', 'Hhhhhh', 'Hhhh', 'Hhhh', '{\"capacity_range\":\"20-40\"}', '[{\"name\":\"Hhh\",\"location\":\"Bbbbbb\"},{\"name\":\"Hhhh\",\"location\":\"Nbbbbh\"}]', '2021-11-19 23:00:34', '2021-11-19 23:51:40'),
(25, 47, 90, 1000, 5000, 4, 30, '2021-11-19', 'test', NULL, NULL, NULL, NULL, NULL, '2021-11-20 02:40:53', '2021-11-20 02:40:53'),
(26, 51, 70, 123123, 123312, NULL, NULL, NULL, '123', NULL, NULL, NULL, '{}', NULL, '2021-11-20 03:51:07', '2021-11-20 03:51:07'),
(27, 52, 70, 123123, 123123, NULL, NULL, NULL, '123', NULL, NULL, NULL, '{\"capacity_range\":\"1\"}', NULL, '2021-11-20 03:52:40', '2021-11-20 03:52:40'),
(28, 53, 70, 123123, 123123, 4, 30, '2021-11-19', '123123', NULL, NULL, NULL, '{\"capacity_range\":1231238888}', NULL, '2021-11-20 03:53:36', '2021-11-20 03:53:36'),
(29, 55, 90, 20, 30, 4, 30, '2021-11-19', '87987892asdasd', NULL, NULL, NULL, '{\"diamond\":0,\"gold\":1}', '[{\"name\":\"المنزل\",\"location\":\"www.home.com\"}]', '2021-11-20 07:45:36', '2021-12-12 04:59:50'),
(30, 57, 76, 123456, 123456, 4, 30, '2021-11-20', 'adasd', NULL, NULL, NULL, '{\"videographer\":\"1\"}', NULL, '2021-11-20 08:30:09', '2021-11-20 08:30:30'),
(31, 58, 90, 1000, 20000, 4, 30, '2021-11-20', 'hello it\'s me', NULL, 'Instagram.com/mothepharoh', 'Facebook/mothepharoh', '{\"diamond\":\"1\",\"gold\":\"0\"}', '[{\"name\":\"Nasr City Branch\",\"location\":\"https://maps.app.goo.gl/ys4CcTm72phT6QsA8\"},{\"name\":\"Maadi Branch\",\"location\":\"https://maps.app.goo.gl/ewh9fhfwRxHaECmaA\"}]', '2021-11-20 20:20:28', '2021-11-20 21:35:20'),
(32, 61, 74, 2000, 4000, NULL, NULL, NULL, 'hi I am ahella', NULL, NULL, NULL, '{\"veil_designer\":\"1\"}', NULL, '2021-11-26 01:45:07', '2021-11-26 01:45:07'),
(33, 62, 74, 2000, 4000, 4, 40, '2021-11-25', 'Hi hello', NULL, NULL, NULL, '{\"veil_designer\":\"1\"}', '[{\"name\":\"Nasr cuity branch\",\"location\":\"Xuz\"}]', '2021-11-26 01:48:06', '2021-11-26 01:50:12'),
(34, 63, 90, 5000, 25000, NULL, NULL, NULL, 'hello I\'m gold', NULL, NULL, NULL, '{\"diamond\":\"1\",\"gold\":\"0\"}', NULL, '2021-11-30 07:58:41', '2021-11-30 07:58:41'),
(35, 64, 90, 5000, 12000, 5, 90, '2021-11-30', 'Hello there I sell Gold', NULL, 'Instagram.com', 'Google.com', '{\"diamond\":0,\"gold\":1}', '[{\"name\":\"Nasr city Branch \",\"location\":\"Google.com\"}]', '2021-11-30 08:04:29', '2021-11-30 09:11:09'),
(36, 66, 70, 5000, 10000, 4, 30, '2021-11-30', 'Test support', NULL, NULL, 'www.facebook.com', '{\"capacity_range\":500}', '[]', '2021-11-30 08:36:48', '2021-12-12 04:43:56'),
(37, 68, 71, 500, 2500, 4, 30, '2021-11-30', 'test', NULL, NULL, 'Test', '{\"capacity_range\":600}', '[]', '2021-12-01 04:10:20', '2021-12-01 04:23:15'),
(38, 69, 76, 1000, 6000, 4, 30, '2021-12-10', 'hello I am a photographer', 'www.facebook.com', NULL, 'Facebook.com/mothepharoh', '{\"videographer\":1}', '[{\"name\":\"Nasr city\",\"location\":\"Carrefour Market\\nhttps://maps.app.goo.gl/ayLs6HjeSFF8nRcb9\"},{\"name\":\"Maadi Branch\",\"location\":\"El Deeb For Cars Maintenance\\n0112 884 5527\\nhttps://maps.app.goo.gl/MgTr8wr78bsJ1m1D6\"}]', '2021-12-10 18:15:54', '2021-12-10 18:43:26'),
(39, 70, 90, 2000, 15000, 4, 30, '2021-12-10', 'hshdhdhhdjsjjwkkdjfnfnnrxnfn', NULL, NULL, NULL, '{\"diamond\":1,\"gold\":0}', '[]', '2021-12-10 20:00:06', '2021-12-10 20:05:32'),
(41, 74, 84, 3000, 4000, 4, 30, '2021-12-14', 'iwudbsnjajzjea sxjajjsnd', 'www.egybell.com', 'Instagram.com/mo_afifi/', 'Facebook.com/mothepharoh', '{\"offering_meals\":1}', '[]', '2021-12-15 05:49:28', '2021-12-15 05:55:36'),
(42, 75, 84, 2000, 8000, 6, 180, '2021-12-14', 'swadfgaewefrrwefag', NULL, NULL, NULL, NULL, NULL, '2021-12-15 06:18:38', '2021-12-15 06:18:38'),
(43, 76, 83, 1000, 3000, 7, 360, '2021-12-14', 'xtcuyvuigbihnojmlohbikgvjuchyjxgtchyvjubiknoljmp;jnohbiglvufcyxtcyvugbihnojmpkm;jnohbivujcyhvubinom', NULL, NULL, NULL, NULL, NULL, '2021-12-15 06:23:01', '2021-12-15 06:23:01'),
(44, 77, 84, 5000, 8000, 4, 30, '2021-12-18', 'dgggg', NULL, NULL, NULL, '{\"offering_meals\":\"1\"}', NULL, '2021-12-18 11:54:52', '2021-12-18 12:02:52'),
(45, 78, 90, 10000, 60000, 4, 30, '2021-12-18', 'bsbddh', NULL, NULL, NULL, '{\"diamond\":\"1\",\"gold\":\"1\"}', NULL, '2021-12-18 12:06:55', '2021-12-18 12:07:23'),
(46, 79, 83, 1000, 6000, 4, 30, '2021-12-23', 'gwhdhwjzbdheh', 'www.egybell.com', 'Facebook.com/mothepharoh', 'Facebook.com/mothepharoh', '{\"offering_sweets\":1}', '[]', '2021-12-23 21:07:19', '2021-12-24 01:53:08'),
(47, 80, 90, 1000, 6000, 4, 30, '2021-12-24', 'sjsjsnnzns', NULL, NULL, NULL, '{\"diamond\":\"1\",\"gold\":\"1\"}', NULL, '2021-12-24 07:55:05', '2021-12-24 07:56:17'),
(48, 81, 90, 2000, 6000, 4, 30, '2022-01-08', 'xtxtdbtv hcyvtbbweb ixbtrncr nfv ngbfb', NULL, NULL, NULL, '{\"diamond\":\"0\",\"gold\":\"1\"}', NULL, '2022-01-08 21:15:24', '2022-01-08 21:17:32'),
(49, 84, 76, 3000, 4000, 4, 30, '2022-01-13', 'hwhdbebsndjejejjdjd', NULL, NULL, NULL, '{\"videographer\":\"1\"}', NULL, '2022-01-13 07:52:46', '2022-01-13 07:54:52'),
(50, 85, 74, 3000, 9000, 4, 30, '2022-01-13', '7g2euzv2eiziebxiexbe', NULL, NULL, NULL, '{\"veil_designer\":\"1\"}', NULL, '2022-01-13 08:02:22', '2022-01-13 08:02:51'),
(51, 86, 84, 4000, 6000, 4, 30, '2022-01-13', 'gshdh shdheb', NULL, NULL, NULL, '{\"offering_meals\":\"1\"}', NULL, '2022-01-13 08:16:24', '2022-01-13 08:16:54'),
(52, 87, 70, 1000, 5000, 4, 30, '2022-01-16', 'famous hotel', NULL, NULL, NULL, '{\"capacity_range\":50}', NULL, '2022-01-17 05:32:57', '2022-01-17 05:35:03'),
(53, 88, 71, 500, 5000, 4, 30, '2022-04-01', 'yxy8x6rx6fx5rxug yfxug  kbxugx6d', NULL, NULL, NULL, '{\"capacity_range\":600}', NULL, '2022-04-01 22:35:13', '2022-04-01 22:36:12'),
(54, 89, 76, 900, 6000, 4, 30, '2022-04-01', 'hhhdb shdhhfe hshebx shxbe', NULL, NULL, NULL, '{\"videographer\":1}', '[]', '2022-04-01 22:44:59', '2022-04-01 23:00:44'),
(55, 90, 90, 6000, 30000, 4, 30, '2022-04-01', 'hsgdg shdheh hdhdhs  ehehdb hshdve', NULL, NULL, NULL, '{\"diamond\":0,\"gold\":1}', '[]', '2022-04-01 23:05:31', '2022-04-01 23:13:42'),
(56, 91, 90, 6000, 7000, NULL, NULL, NULL, 'bajsheh', NULL, NULL, NULL, '{\"diamond\":\"1\",\"gold\":\"1\"}', NULL, '2022-05-12 01:27:32', '2022-05-12 01:27:32'),
(57, 93, 70, 100, 1000, 4, 30, '2022-05-11', 'jwjdje', NULL, NULL, NULL, '{\"capacity_range\":320}', NULL, '2022-05-12 02:56:07', '2022-05-12 03:01:03'),
(58, 94, 70, 100, 50, NULL, NULL, NULL, 'asedrtfgyuhjikl', NULL, NULL, NULL, NULL, NULL, '2022-05-19 03:46:36', '2022-05-19 03:46:36'),
(61, 97, 53, 1000, 2000, NULL, NULL, NULL, 'biography biography', NULL, NULL, NULL, '{\"capacity_range\":\"20-40\"}', NULL, '2022-05-28 05:58:00', '2022-05-28 05:58:00'),
(62, 98, 53, 1000, 2000, NULL, NULL, NULL, 'biography biography', NULL, NULL, NULL, '{\"capacity_range\":\"20-40\"}', NULL, '2022-05-28 06:03:13', '2022-05-28 06:03:13'),
(63, 99, 85, 1000, 2000, NULL, NULL, NULL, 'biography biography', NULL, NULL, NULL, '{\"capacity_range\":\"20-40\"}', NULL, '2022-05-28 06:08:03', '2022-05-28 06:08:03'),
(64, 100, 70, 1000, 2000, 4, 30, '2022-04-10', 'biography biography', NULL, NULL, NULL, '{\"capacity_range\":\"20-40\"}', NULL, '2022-05-28 06:11:36', '2022-05-28 06:32:18'),
(65, 103, 74, 500, 1000, 4, 30, '2022-04-10', 'testing again', NULL, NULL, NULL, '{\"veil_designer\":\"1\"}', NULL, '2022-05-28 06:39:54', '2022-05-28 06:41:12'),
(67, 107, 83, 10, 5, 5, 30, '2022-06-05', 'Non sint autem quo', NULL, NULL, NULL, NULL, NULL, '2022-06-06 04:40:40', '2022-06-06 04:40:40'),
(68, 108, 90, 100, 200, 6, 210, '2022-06-05', 'Aut mollitia enim mo', NULL, NULL, NULL, NULL, NULL, '2022-06-06 04:59:17', '2022-06-06 04:59:17');

-- --------------------------------------------------------

--
-- Table structure for table `verification_codes`
--

CREATE TABLE `verification_codes` (
  `id` int(10) UNSIGNED NOT NULL,
  `user_id` int(10) UNSIGNED NOT NULL,
  `code` varchar(15) COLLATE utf8mb4_unicode_ci NOT NULL,
  `created_at` timestamp NULL DEFAULT NULL,
  `updated_at` timestamp NULL DEFAULT NULL
) ENGINE=InnoDB DEFAULT CHARSET=utf8mb4 COLLATE=utf8mb4_unicode_ci;

--
-- Dumping data for table `verification_codes`
--

INSERT INTO `verification_codes` (`id`, `user_id`, `code`, `created_at`, `updated_at`) VALUES
(13, 45, '0000', '2021-11-30 09:30:08', '2021-11-30 09:30:08'),
(14, 37, '0000', '2021-11-30 21:42:39', '2021-11-30 21:42:39'),
(15, 46, '0000', '2021-12-10 18:12:36', '2021-12-10 18:12:36'),
(16, 71, '0000', '2021-12-10 20:30:39', '2021-12-10 20:30:39'),
(24, 74, '0000', '2021-12-24 04:44:37', '2021-12-24 04:44:37'),
(25, 83, '0000', '2022-01-13 07:48:23', '2022-01-13 07:48:23'),
(30, 102, '2725', '2022-06-02 03:12:31', '2022-06-02 03:12:31');

--
-- Indexes for dumped tables
--

--
-- Indexes for table `categories`
--
ALTER TABLE `categories`
  ADD PRIMARY KEY (`id`),
  ADD KEY `categories_category_id_foreign` (`category_id`);

--
-- Indexes for table `category_statistics`
--
ALTER TABLE `category_statistics`
  ADD PRIMARY KEY (`id`),
  ADD KEY `category_statistics_user_id_foreign` (`user_id`),
  ADD KEY `category_statistics_category_id_foreign` (`category_id`);

--
-- Indexes for table `cities`
--
ALTER TABLE `cities`
  ADD PRIMARY KEY (`id`),
  ADD KEY `cities_country_id_foreign` (`country_id`);

--
-- Indexes for table `clients`
--
ALTER TABLE `clients`
  ADD PRIMARY KEY (`id`),
  ADD KEY `clients_user_id_foreign` (`user_id`);

--
-- Indexes for table `countries`
--
ALTER TABLE `countries`
  ADD PRIMARY KEY (`id`);

--
-- Indexes for table `edit_requests`
--
ALTER TABLE `edit_requests`
  ADD PRIMARY KEY (`id`),
  ADD KEY `edit_requests_user_id_foreign` (`user_id`),
  ADD KEY `edit_requests_city_id_foreign` (`city_id`);

--
-- Indexes for table `locations`
--
ALTER TABLE `locations`
  ADD PRIMARY KEY (`id`);

--
-- Indexes for table `memberships`
--
ALTER TABLE `memberships`
  ADD PRIMARY KEY (`id`);

--
-- Indexes for table `migrations`
--
ALTER TABLE `migrations`
  ADD PRIMARY KEY (`id`);

--
-- Indexes for table `notifications`
--
ALTER TABLE `notifications`
  ADD PRIMARY KEY (`id`),
  ADD KEY `notifications_user_id_foreign` (`user_id`);

--
-- Indexes for table `oauth_access_tokens`
--
ALTER TABLE `oauth_access_tokens`
  ADD PRIMARY KEY (`id`),
  ADD KEY `oauth_access_tokens_user_id_index` (`user_id`);

--
-- Indexes for table `oauth_auth_codes`
--
ALTER TABLE `oauth_auth_codes`
  ADD PRIMARY KEY (`id`);

--
-- Indexes for table `oauth_clients`
--
ALTER TABLE `oauth_clients`
  ADD PRIMARY KEY (`id`),
  ADD KEY `oauth_clients_user_id_index` (`user_id`);

--
-- Indexes for table `oauth_personal_access_clients`
--
ALTER TABLE `oauth_personal_access_clients`
  ADD PRIMARY KEY (`id`),
  ADD KEY `oauth_personal_access_clients_client_id_index` (`client_id`);

--
-- Indexes for table `oauth_refresh_tokens`
--
ALTER TABLE `oauth_refresh_tokens`
  ADD PRIMARY KEY (`id`),
  ADD KEY `oauth_refresh_tokens_access_token_id_index` (`access_token_id`);

--
-- Indexes for table `packages`
--
ALTER TABLE `packages`
  ADD PRIMARY KEY (`id`),
  ADD KEY `packages_user_id_foreign` (`user_id`);

--
-- Indexes for table `permissions`
--
ALTER TABLE `permissions`
  ADD PRIMARY KEY (`id`);

--
-- Indexes for table `permission_groups`
--
ALTER TABLE `permission_groups`
  ADD PRIMARY KEY (`id`),
  ADD KEY `permission_groups_user_id_foreign` (`user_id`),
  ADD KEY `permission_groups_permission_id_foreign` (`permission_id`);

--
-- Indexes for table `reviews`
--
ALTER TABLE `reviews`
  ADD PRIMARY KEY (`id`),
  ADD KEY `reviews_user_id_foreign` (`user_id`),
  ADD KEY `reviews_vendor_id_foreign` (`vendor_id`);

--
-- Indexes for table `settings`
--
ALTER TABLE `settings`
  ADD PRIMARY KEY (`id`);

--
-- Indexes for table `statistics`
--
ALTER TABLE `statistics`
  ADD PRIMARY KEY (`id`),
  ADD KEY `statistics_user_id_foreign` (`user_id`),
  ADD KEY `statistics_vendor_id_foreign` (`vendor_id`);

--
-- Indexes for table `users`
--
ALTER TABLE `users`
  ADD PRIMARY KEY (`id`),
  ADD UNIQUE KEY `users_email_unique` (`email`),
  ADD UNIQUE KEY `users_phone_unique` (`phone`),
  ADD KEY `users_city_id_foreign` (`city_id`);

--
-- Indexes for table `user_images`
--
ALTER TABLE `user_images`
  ADD PRIMARY KEY (`id`);

--
-- Indexes for table `vendors`
--
ALTER TABLE `vendors`
  ADD PRIMARY KEY (`id`),
  ADD KEY `vendors_user_id_foreign` (`user_id`),
  ADD KEY `vendors_category_id_foreign` (`category_id`),
  ADD KEY `vendors_membership_id_foreign` (`membership_id`);

--
-- Indexes for table `verification_codes`
--
ALTER TABLE `verification_codes`
  ADD PRIMARY KEY (`id`),
  ADD KEY `verification_codes_user_id_foreign` (`user_id`);

--
-- AUTO_INCREMENT for dumped tables
--

--
-- AUTO_INCREMENT for table `categories`
--
ALTER TABLE `categories`
  MODIFY `id` int(10) UNSIGNED NOT NULL AUTO_INCREMENT, AUTO_INCREMENT=91;

--
-- AUTO_INCREMENT for table `category_statistics`
--
ALTER TABLE `category_statistics`
  MODIFY `id` int(10) UNSIGNED NOT NULL AUTO_INCREMENT, AUTO_INCREMENT=1156;

--
-- AUTO_INCREMENT for table `cities`
--
ALTER TABLE `cities`
  MODIFY `id` int(10) UNSIGNED NOT NULL AUTO_INCREMENT, AUTO_INCREMENT=5;

--
-- AUTO_INCREMENT for table `clients`
--
ALTER TABLE `clients`
  MODIFY `id` int(10) UNSIGNED NOT NULL AUTO_INCREMENT, AUTO_INCREMENT=12;

--
-- AUTO_INCREMENT for table `countries`
--
ALTER TABLE `countries`
  MODIFY `id` int(10) UNSIGNED NOT NULL AUTO_INCREMENT, AUTO_INCREMENT=3;

--
-- AUTO_INCREMENT for table `edit_requests`
--
ALTER TABLE `edit_requests`
  MODIFY `id` int(10) UNSIGNED NOT NULL AUTO_INCREMENT, AUTO_INCREMENT=89;

--
-- AUTO_INCREMENT for table `locations`
--
ALTER TABLE `locations`
  MODIFY `id` int(10) UNSIGNED NOT NULL AUTO_INCREMENT;

--
-- AUTO_INCREMENT for table `memberships`
--
ALTER TABLE `memberships`
  MODIFY `id` int(10) UNSIGNED NOT NULL AUTO_INCREMENT, AUTO_INCREMENT=9;

--
-- AUTO_INCREMENT for table `migrations`
--
ALTER TABLE `migrations`
  MODIFY `id` int(10) UNSIGNED NOT NULL AUTO_INCREMENT, AUTO_INCREMENT=22;

--
-- AUTO_INCREMENT for table `notifications`
--
ALTER TABLE `notifications`
  MODIFY `id` int(10) UNSIGNED NOT NULL AUTO_INCREMENT, AUTO_INCREMENT=149;

--
-- AUTO_INCREMENT for table `oauth_clients`
--
ALTER TABLE `oauth_clients`
  MODIFY `id` int(10) UNSIGNED NOT NULL AUTO_INCREMENT, AUTO_INCREMENT=3;

--
-- AUTO_INCREMENT for table `oauth_personal_access_clients`
--
ALTER TABLE `oauth_personal_access_clients`
  MODIFY `id` int(10) UNSIGNED NOT NULL AUTO_INCREMENT, AUTO_INCREMENT=2;

--
-- AUTO_INCREMENT for table `packages`
--
ALTER TABLE `packages`
  MODIFY `id` int(10) UNSIGNED NOT NULL AUTO_INCREMENT, AUTO_INCREMENT=21;

--
-- AUTO_INCREMENT for table `permissions`
--
ALTER TABLE `permissions`
  MODIFY `id` int(10) UNSIGNED NOT NULL AUTO_INCREMENT, AUTO_INCREMENT=2;

--
-- AUTO_INCREMENT for table `permission_groups`
--
ALTER TABLE `permission_groups`
  MODIFY `id` int(10) UNSIGNED NOT NULL AUTO_INCREMENT, AUTO_INCREMENT=2;

--
-- AUTO_INCREMENT for table `reviews`
--
ALTER TABLE `reviews`
  MODIFY `id` int(10) UNSIGNED NOT NULL AUTO_INCREMENT, AUTO_INCREMENT=17;

--
-- AUTO_INCREMENT for table `settings`
--
ALTER TABLE `settings`
  MODIFY `id` int(10) UNSIGNED NOT NULL AUTO_INCREMENT, AUTO_INCREMENT=7;

--
-- AUTO_INCREMENT for table `statistics`
--
ALTER TABLE `statistics`
  MODIFY `id` int(10) UNSIGNED NOT NULL AUTO_INCREMENT, AUTO_INCREMENT=771;

--
-- AUTO_INCREMENT for table `users`
--
ALTER TABLE `users`
  MODIFY `id` int(10) UNSIGNED NOT NULL AUTO_INCREMENT, AUTO_INCREMENT=109;

--
-- AUTO_INCREMENT for table `user_images`
--
ALTER TABLE `user_images`
  MODIFY `id` int(11) NOT NULL AUTO_INCREMENT, AUTO_INCREMENT=96;

--
-- AUTO_INCREMENT for table `vendors`
--
ALTER TABLE `vendors`
  MODIFY `id` int(10) UNSIGNED NOT NULL AUTO_INCREMENT, AUTO_INCREMENT=69;

--
-- AUTO_INCREMENT for table `verification_codes`
--
ALTER TABLE `verification_codes`
  MODIFY `id` int(10) UNSIGNED NOT NULL AUTO_INCREMENT, AUTO_INCREMENT=31;

--
-- Constraints for dumped tables
--

--
-- Constraints for table `categories`
--
ALTER TABLE `categories`
  ADD CONSTRAINT `categories_category_id_foreign` FOREIGN KEY (`category_id`) REFERENCES `categories` (`id`) ON DELETE CASCADE;

--
-- Constraints for table `category_statistics`
--
ALTER TABLE `category_statistics`
  ADD CONSTRAINT `category_statistics_category_id_foreign` FOREIGN KEY (`category_id`) REFERENCES `categories` (`id`) ON DELETE CASCADE,
  ADD CONSTRAINT `category_statistics_user_id_foreign` FOREIGN KEY (`user_id`) REFERENCES `users` (`id`) ON DELETE CASCADE;

--
-- Constraints for table `cities`
--
ALTER TABLE `cities`
  ADD CONSTRAINT `cities_country_id_foreign` FOREIGN KEY (`country_id`) REFERENCES `countries` (`id`) ON DELETE CASCADE;

--
-- Constraints for table `clients`
--
ALTER TABLE `clients`
  ADD CONSTRAINT `clients_user_id_foreign` FOREIGN KEY (`user_id`) REFERENCES `users` (`id`) ON DELETE CASCADE;

--
-- Constraints for table `edit_requests`
--
ALTER TABLE `edit_requests`
  ADD CONSTRAINT `edit_requests_city_id_foreign` FOREIGN KEY (`city_id`) REFERENCES `cities` (`id`) ON DELETE CASCADE,
  ADD CONSTRAINT `edit_requests_user_id_foreign` FOREIGN KEY (`user_id`) REFERENCES `users` (`id`) ON DELETE CASCADE;

--
-- Constraints for table `notifications`
--
ALTER TABLE `notifications`
  ADD CONSTRAINT `notifications_user_id_foreign` FOREIGN KEY (`user_id`) REFERENCES `users` (`id`) ON DELETE CASCADE;

--
-- Constraints for table `packages`
--
ALTER TABLE `packages`
  ADD CONSTRAINT `packages_user_id_foreign` FOREIGN KEY (`user_id`) REFERENCES `users` (`id`) ON DELETE CASCADE;

--
-- Constraints for table `permission_groups`
--
ALTER TABLE `permission_groups`
  ADD CONSTRAINT `permission_groups_permission_id_foreign` FOREIGN KEY (`permission_id`) REFERENCES `permissions` (`id`) ON DELETE CASCADE,
  ADD CONSTRAINT `permission_groups_user_id_foreign` FOREIGN KEY (`user_id`) REFERENCES `users` (`id`) ON DELETE CASCADE;

--
-- Constraints for table `reviews`
--
ALTER TABLE `reviews`
  ADD CONSTRAINT `reviews_user_id_foreign` FOREIGN KEY (`user_id`) REFERENCES `users` (`id`) ON DELETE CASCADE,
  ADD CONSTRAINT `reviews_vendor_id_foreign` FOREIGN KEY (`vendor_id`) REFERENCES `users` (`id`) ON DELETE CASCADE;

--
-- Constraints for table `statistics`
--
ALTER TABLE `statistics`
  ADD CONSTRAINT `statistics_user_id_foreign` FOREIGN KEY (`user_id`) REFERENCES `users` (`id`) ON DELETE CASCADE,
  ADD CONSTRAINT `statistics_vendor_id_foreign` FOREIGN KEY (`vendor_id`) REFERENCES `users` (`id`) ON DELETE CASCADE;

--
-- Constraints for table `users`
--
ALTER TABLE `users`
  ADD CONSTRAINT `users_city_id_foreign` FOREIGN KEY (`city_id`) REFERENCES `cities` (`id`) ON DELETE CASCADE;

--
-- Constraints for table `vendors`
--
ALTER TABLE `vendors`
  ADD CONSTRAINT `vendors_category_id_foreign` FOREIGN KEY (`category_id`) REFERENCES `categories` (`id`) ON DELETE CASCADE,
  ADD CONSTRAINT `vendors_membership_id_foreign` FOREIGN KEY (`membership_id`) REFERENCES `memberships` (`id`) ON DELETE CASCADE,
  ADD CONSTRAINT `vendors_user_id_foreign` FOREIGN KEY (`user_id`) REFERENCES `users` (`id`) ON DELETE CASCADE;

--
-- Constraints for table `verification_codes`
--
ALTER TABLE `verification_codes`
  ADD CONSTRAINT `verification_codes_user_id_foreign` FOREIGN KEY (`user_id`) REFERENCES `users` (`id`) ON DELETE CASCADE;
COMMIT;

/*!40101 SET CHARACTER_SET_CLIENT=@OLD_CHARACTER_SET_CLIENT */;
/*!40101 SET CHARACTER_SET_RESULTS=@OLD_CHARACTER_SET_RESULTS */;
/*!40101 SET COLLATION_CONNECTION=@OLD_COLLATION_CONNECTION */;
